area_id,marker,area_size,radius,z,y,x,CD31_intensity,CD20_intensity,CD11b_intensity,CD4_intensity,CD11c_intensity,Catalase_intensity
1,CD31,207,5,58,106,1319,0.2985,0.2628,0.2367,0.164,0.2402,0.2819
2,CD31,312,6,68,163,1307,0.3369,0.218,0.2479,0.2079,0.2379,0.2227
3,CD31,347,7,65,214,865,0.2913,0.2113,0.2051,0.1858,0.2463,0.2582
4,CD31,2417,13,75,304,1042,0.2521,0.1646,0.2029,0.1308,0.1752,0.1889
5,CD31,1835,12,73,354,865,0.2226,0.2088,0.1418,0.167,0.2222,0.1869
6,CD31,1426,11,69,138,1300,0.2366,0.1708,0.235,0.1605,0.1758,0.1988
7,CD31,240,6,65,156,1294,0.2999,0.2357,0.2115,0.2269,0.2388,0.2194
8,CD31,301,6,69,357,814,0.3022,0.1837,0.2691,0.1989,0.2576,0.2308
9,CD31,2116,12,82,373,793,0.2622,0.4539,0.212,0.2017,0.2083,0.176
10,CD31,115,4,67,411,517,0.2519,0.2729,0.1974,0.3183,0.2538,0.2799
11,CD31,315,6,69,406,502,0.3816,0.2489,0.3746,0.2999,0.2292,0.3469
12,CD31,1623,11,78,289,1067,0.2614,0.2056,0.1867,0.1567,0.137,0.1438
13,CD31,1269,10,79,412,490,0.2179,0.1941,0.2362,0.212,0.1905,0.263
14,CD31,3150,14,77,428,473,0.2451,0.2017,0.2008,0.1564,0.1825,0.1609
15,CD31,952,9,77,416,501,0.2429,0.1883,0.2493,0.1861,0.2231,0.2537
16,CD31,153,5,67,143,1291,0.2637,0.2691,0.2722,0.2449,0.2673,0.309
17,CD31,469,7,75,309,1026,0.2572,0.2045,0.2517,0.1867,0.212,0.2031
18,CD31,58,3,65,101,1235,0.3359,0.2847,0.2582,0.3254,0.351,0.3058
19,CD31,240,6,74,130,1159,0.2812,0.2273,0.2369,0.2437,0.2265,0.2091
20,CD31,209,5,71,363,879,0.34,0.2502,0.2307,0.2836,0.2229,0.2366
21,CD31,159,5,69,415,528,0.248,0.2804,0.1956,0.212,0.2606,0.2885
22,CD31,550,8,76,315,654,0.2787,0.1988,0.2502,0.2075,0.3301,0.1956
23,CD31,116,4,69,344,892,0.3211,0.236,0.2728,0.2147,0.262,0.2353
24,CD31,130,5,70,368,820,0.2373,0.2414,0.254,0.213,0.2387,0.3188
25,CD31,1554,11,79,396,544,0.2685,0.188,0.2124,0.1491,0.2018,0.2278
26,CD31,709,8,77,315,998,0.3201,0.4159,0.2575,0.1621,0.1821,0.3635
27,CD31,642,8,77,356,896,0.2408,0.2321,0.2347,0.2375,0.2411,0.1915
28,CD31,48,3,67,264,714,0.3913,0.3626,0.3416,0.297,0.3252,0.2766
29,CD31,103,4,70,265,1136,0.3186,0.2644,0.3412,0.2875,0.3097,0.3921
30,CD31,74,4,70,294,1053,0.359,0.3016,0.3828,0.2198,0.2657,0.2991
31,CD31,48,3,71,161,1220,0.3434,0.3806,0.4492,0.3197,0.3835,0.3403
32,CD31,24,3,67,168,1224,0.334,0.2516,0.2747,0.3277,0.2931,0.3215
33,CD31,204,5,72,96,1225,0.3387,0.2362,0.2455,0.2236,0.2322,0.3069
34,CD31,79,4,73,419,528,0.2951,0.2688,0.2442,0.2733,0.2846,0.3368
35,CD31,16,3,69,306,1055,0.328,0.2663,1.0,0.2653,0.4641,0.2074
36,CD31,150,5,75,103,1209,0.3014,0.2961,0.2013,0.2492,0.2715,0.2583
37,CD31,203,5,82,138,1242,0.3011,0.2747,0.2909,0.2046,0.1911,0.1801
38,CD31,298,6,75,263,700,0.2458,0.2259,0.2649,0.19,0.2773,0.1841
39,CD31,60,3,73,300,1063,0.4167,0.28,0.3621,0.3318,0.2631,0.4327
40,CD31,24,3,72,123,1159,0.335,0.3088,0.386,0.281,0.2648,0.4349
41,CD31,42,3,72,148,1039,0.4178,0.3953,0.2461,0.2565,0.3107,0.2877
42,CD31,16,3,71,267,708,0.3182,0.415,0.3634,0.2572,0.2808,0.252
43,CD31,209,5,80,313,1031,0.2949,0.227,0.2842,0.2238,0.283,0.1967
44,CD31,209,5,78,322,648,0.2893,0.2651,0.2621,0.1821,0.3214,0.2059
45,CD31,34,3,73,347,836,0.3514,0.3185,0.3291,0.293,0.4229,0.2825
46,CD31,369,7,84,348,850,0.2527,0.2788,0.2283,0.1587,0.2109,0.1883
47,CD31,16,3,71,363,892,0.3722,0.3164,0.299,0.2867,0.4021,0.2631
48,CD31,41,3,73,418,516,0.3367,0.3408,0.3454,0.3038,0.3427,0.3692
49,CD31,24,3,73,139,1132,0.4282,0.2834,0.2959,0.2722,0.3185,0.2207
50,CD31,536,8,81,250,854,0.2243,0.1999,0.1882,0.1721,0.2332,0.2774
51,CD31,119,4,79,459,600,0.3348,0.3004,0.6282,0.2638,0.2953,0.289
52,CD31,434,7,87,228,941,0.2278,0.2386,0.224,0.1896,0.2175,0.2264
53,CD31,31,3,75,235,938,0.2953,0.3774,0.3247,0.3698,0.2969,0.2994
54,CD31,24,3,74,237,1230,0.3441,0.2752,0.402,0.3307,0.4436,0.2926
55,CD31,480,7,81,246,835,0.2292,0.179,0.2582,0.2044,0.2389,0.2333
56,CD31,70,4,76,266,1132,0.3098,0.1906,0.3243,0.2153,0.3168,0.335
57,CD31,467,7,88,286,820,0.3085,0.1878,0.3226,0.2208,0.2002,0.2063
58,CD31,22,3,73,418,521,0.2776,0.2507,0.239,0.3251,0.3121,0.1976
59,CD31,12,3,73,148,1242,0.3428,0.3959,0.244,0.2816,0.3045,0.421
60,CD31,113,4,76,149,1234,0.285,0.276,0.3271,0.2483,0.2503,0.2953
61,CD31,24,3,75,319,742,0.4398,0.251,0.3799,0.2725,0.3892,0.3461
62,CD31,62,3,75,355,801,0.3366,0.3293,0.2842,0.2113,0.4012,0.2664
63,CD31,212,5,79,409,507,0.2463,0.2566,0.2941,0.2748,0.212,0.4156
64,CD31,64,4,80,159,985,0.3798,0.2381,0.2758,0.2726,0.2839,0.225
65,CD31,22,3,77,207,1173,0.3341,0.3441,0.336,0.2838,0.3604,0.2424
66,CD31,12,3,76,283,698,0.3501,0.3783,0.3471,0.2436,0.3868,0.218
67,CD31,553,8,89,361,785,0.2651,0.223,0.201,0.1677,0.2304,0.2577
68,CD31,12,3,76,209,1178,0.3063,0.2822,0.3747,0.2996,0.2527,0.3363
69,CD31,20,3,78,269,692,0.3089,0.2921,0.3091,0.3074,0.3993,0.255
70,CD31,68,4,81,278,701,0.3414,0.2804,0.251,0.1922,0.2641,0.1883
71,CD31,385,7,97,456,604,0.2777,0.2447,0.382,0.1897,0.2043,0.2153
72,CD31,1778,12,95,543,345,0.2379,0.1751,0.1969,0.1708,0.2177,0.4082
73,CD31,12,3,78,142,1128,0.3127,0.331,0.2309,0.2445,0.2609,0.2159
74,CD31,58,3,83,284,702,0.372,0.3475,0.2974,0.268,0.2997,0.2608
75,CD31,24,3,80,293,1056,0.2821,0.3241,0.3908,0.1904,0.3355,0.2296
76,CD31,110,4,83,346,885,0.2736,0.2441,0.2768,0.2165,0.2647,0.2087
77,CD31,1233,10,91,603,164,0.2562,0.2237,0.1694,0.1885,0.2037,0.3473
78,CD31,95,4,83,230,1029,0.3095,0.3595,0.253,0.2562,0.2799,0.2027
79,CD31,52,3,83,291,906,0.3368,0.4392,0.2963,0.3357,0.2993,0.2674
80,CD31,372,7,89,327,768,0.3335,0.2246,0.2231,0.187,0.2261,0.2322
81,CD31,16,3,82,326,642,0.3745,0.3996,0.3249,0.2691,0.2418,0.273
82,CD31,26,3,83,352,717,0.3989,0.2785,0.308,0.2823,0.3572,0.477
83,CD31,8,3,81,369,811,0.4344,0.2743,0.3323,0.2466,0.3428,0.4437
84,CD31,787,9,104,579,294,0.2622,0.2621,0.1716,0.1447,0.2558,0.2309
85,CD31,32,3,86,209,900,0.3846,0.2546,0.3187,0.2528,0.32,0.2026
86,CD31,112,4,89,321,742,0.294,0.2679,0.2288,0.3211,0.2924,0.1793
87,CD31,100,4,90,534,163,0.2733,0.2833,0.484,0.2981,0.264,0.4061
88,CD31,407,7,96,428,432,0.2436,0.1912,0.2256,0.2241,0.2208,0.1787
89,CD31,1158,10,100,641,132,0.2291,0.2158,0.1929,0.2318,0.1911,0.3763
90,CD31,38,3,89,351,830,0.4023,0.2612,0.3134,0.3099,0.3444,0.2569
91,CD31,299,6,96,555,336,0.2768,0.1612,0.2148,0.2522,0.2288,0.2772
92,CD31,154,5,94,366,824,0.276,0.268,0.2474,0.1869,0.2485,0.2493
93,CD31,66,4,92,596,72,0.3411,0.2532,0.231,0.2736,0.2499,0.301
94,CD31,165,5,94,516,369,0.31,0.2041,0.2243,0.1754,0.2353,0.1755
95,CD31,326,6,99,673,121,0.3516,0.2364,0.2782,0.1286,0.2464,0.1775
96,CD31,82,4,94,330,779,0.3068,0.3249,0.2767,0.2559,0.2242,0.2503
97,CD31,22,3,91,370,807,0.3942,0.3488,0.2816,0.2643,0.4462,0.2871
98,CD31,110,4,98,613,167,0.2897,0.3001,0.2865,0.3393,0.2251,0.4005
99,CD31,56,3,94,132,1159,0.359,0.3904,0.2932,0.2574,0.2293,0.3094
100,CD31,48,3,94,540,164,0.328,0.2903,1.0,0.3265,0.2538,0.5818
101,CD31,113,4,99,589,94,0.2303,0.2835,0.2747,0.3518,0.2989,0.2056
102,CD31,326,6,101,604,176,0.2883,0.2644,0.2698,0.2547,0.1988,0.2909
103,CD31,16,3,93,369,812,0.3441,0.3195,0.3412,0.3051,0.4162,0.2512
104,CD31,12,3,94,427,471,0.3401,0.3043,0.2892,0.2429,0.2637,0.2716
105,CD31,12,3,94,546,333,0.4867,0.2697,0.339,0.3108,0.2889,0.2494
106,CD31,24,3,96,143,1319,0.3827,0.3431,0.379,0.2513,0.4007,0.2768
107,CD31,52,3,98,480,267,0.3243,0.2734,0.2943,0.3112,0.2632,0.3161
108,CD31,77,4,100,481,273,0.3362,0.2962,0.2386,0.29,0.2454,0.2882
109,CD31,30,3,96,594,89,0.2942,0.3837,0.2786,0.3445,0.2702,0.309
110,CD31,277,6,102,648,155,0.2961,0.2322,0.1905,0.158,0.2451,0.2184
111,CD31,116,4,101,352,761,0.3436,0.3024,0.2585,0.2635,0.3403,0.2641
112,CD31,32,3,96,546,144,0.3926,0.2469,1.0,0.2705,0.3611,0.3181
113,CD31,49,3,99,649,126,0.4155,0.3835,0.3563,0.3998,0.2439,0.3016
114,CD31,16,3,97,307,1033,0.3453,0.3111,0.3167,0.2747,0.2655,0.2318
115,CD31,22,3,97,353,841,0.2938,0.2714,0.2734,0.2557,0.2549,0.3585
116,CD31,254,6,104,138,1332,0.2604,0.2566,0.1943,0.208,0.2552,0.321
117,CD31,112,4,102,657,177,0.2686,0.2623,0.3257,0.209,0.3285,0.3515
118,CD31,51,3,102,567,274,0.3028,0.309,0.3448,0.4004,0.4442,0.2705
119,CD31,196,5,107,316,1018,0.2755,0.2869,0.3006,0.1849,0.2271,0.1867
120,CD31,190,5,108,610,179,0.2414,0.2907,0.2659,0.2935,0.2464,0.3158
121,CD31,68,4,107,312,655,0.4279,0.3189,0.263,0.2058,0.2961,0.2438
122,CD31,12,3,104,312,1021,0.4116,0.2515,0.3603,0.2923,0.3878,0.2484
123,CD31,16,3,105,128,1333,0.2888,0.3461,0.2847,0.2559,0.2536,0.2072
124,CD31,92,4,110,324,742,0.2721,0.2934,0.3238,0.2997,0.2163,0.2318
125,CD31,16,3,107,137,1248,0.3289,0.3193,0.2924,0.2843,0.3206,0.2127
126,CD31,66,4,112,428,426,0.2818,0.3159,0.3047,0.2291,0.2884,0.1766
127,CD31,8,3,111,549,342,0.2945,0.291,0.3082,0.2874,0.2762,0.3405
128,CD31,753,9,127,523,359,0.2361,0.2207,0.2384,0.1616,0.1992,0.2672
129,CD31,8,3,114,599,71,0.3468,0.321,0.35,0.3569,0.2479,0.3106
130,CD31,16,3,116,103,1320,0.3178,0.2827,0.4274,0.3207,0.2355,0.3118
131,CD31,26,3,117,226,1307,0.3492,0.3331,0.4024,0.2808,0.2608,0.2719
132,CD31,46,3,117,324,772,0.3653,0.3172,0.2934,0.2983,0.2798,0.2016
133,CD31,16,3,118,294,1063,0.359,0.3361,0.2744,0.2549,0.2751,0.3637
134,CD31,44,3,127,133,1336,0.3434,0.3038,0.3243,0.2684,0.2969,0.2597
135,CD31,8,3,126,294,747,0.2942,0.2474,0.2898,0.2717,0.3024,0.2848
136,CD31,16,3,128,277,822,0.2978,0.2848,0.3368,0.2387,0.2268,0.3056
137,CD31,69,4,134,501,358,0.2701,0.2719,0.2276,0.289,0.3093,0.2556
138,CD31,70,4,140,527,363,0.2744,0.2827,0.3305,0.2779,0.2385,0.3686
139,CD31,46,3,136,677,415,0.401,0.2802,0.3997,0.3152,0.3691,0.272
140,CD31,16,3,137,461,605,0.3341,0.317,0.4352,0.3078,0.2552,0.2223
141,CD31,20,3,137,611,157,0.3542,0.3217,0.3067,0.2272,0.3766,0.2281
142,CD31,16,3,149,432,425,0.2453,0.3012,0.2831,0.2427,0.2941,0.2408
1,CD20,28,3,28,554,324,0.0,0.624,0.0,0.3203,0.0,0.0
2,CD20,530,8,59,114,1301,0.2575,0.2145,0.2331,0.2486,0.262,0.1731
3,CD20,135,5,56,229,1320,0.2263,0.3016,0.2799,0.2103,0.2163,0.2153
4,CD20,129,5,55,180,1231,0.2584,0.1999,0.3062,0.2039,0.2896,0.2401
5,CD20,639,8,65,624,51,0.2209,0.1893,0.1989,0.182,0.2298,0.2955
6,CD20,12,3,56,107,1285,0.2954,0.3278,0.2831,0.4209,0.3167,0.2756
7,CD20,64,4,61,58,1300,0.3174,0.2704,0.2432,0.2977,0.278,0.2195
8,CD20,22,3,61,118,1276,0.3284,0.3028,0.3507,0.3017,0.2447,0.2437
9,CD20,61,3,64,323,970,0.3428,0.3474,0.3078,0.2264,0.3443,0.1763
10,CD20,28,3,62,642,52,0.338,0.234,0.2634,0.2803,0.2893,0.2483
11,CD20,48,3,65,113,1333,0.4521,0.3175,0.3223,0.284,0.259,0.2551
12,CD20,26,3,63,327,1134,0.3143,0.3576,0.3072,0.3453,0.3706,0.2615
13,CD20,30,3,64,140,1109,0.3053,0.2646,0.2509,0.2928,0.24,0.4524
14,CD20,73,4,66,148,1327,0.2301,0.3266,0.2621,0.2846,0.2635,0.2963
15,CD20,8,3,62,268,1125,0.3974,0.3272,0.2664,0.213,0.2825,0.2865
16,CD20,549,8,71,642,59,0.1976,0.2183,0.2026,0.2218,0.2345,0.2289
17,CD20,588,8,80,79,1306,0.2467,0.2018,0.1579,0.2635,0.2406,0.1832
18,CD20,497,7,75,122,1262,0.1819,0.2207,0.2514,0.2227,0.1994,0.1787
19,CD20,301,6,72,263,1125,0.318,0.3059,0.2583,0.2665,0.2113,0.2131
20,CD20,15,3,66,384,923,0.2809,0.4345,0.3693,0.2778,0.285,0.2647
21,CD20,256,6,78,418,543,0.2792,0.1902,0.2775,0.2272,0.2674,0.1795
22,CD20,12,3,65,568,409,0.2715,0.3159,0.4392,0.2378,0.276,0.303
23,CD20,37,3,66,663,39,0.2729,0.2545,0.4792,0.3322,0.84,0.387
24,CD20,20,3,67,56,1302,0.3021,0.2897,0.2375,0.2685,0.2885,0.31
25,CD20,177,5,73,138,1232,0.2936,0.2544,0.2298,0.2708,0.223,0.2721
26,CD20,103,4,70,141,1021,0.2367,0.2796,0.2082,0.2868,0.2341,0.1819
27,CD20,795,9,79,182,1231,0.2295,0.1538,0.2088,0.232,0.2356,0.1809
28,CD20,116,4,71,391,999,0.25,0.272,0.2069,0.31,0.3635,0.2206
29,CD20,30,3,69,133,1174,0.253,0.2817,0.4011,0.2618,0.3151,0.2983
30,CD20,16,3,67,194,1207,0.2978,0.4405,0.3173,0.3501,0.3674,0.3116
31,CD20,24,3,69,115,1275,0.2643,0.3593,0.2952,0.3642,0.2447,0.2603
32,CD20,99,4,73,199,748,0.2576,0.2903,0.1889,0.2565,0.2444,0.2002
33,CD20,529,8,77,200,1201,0.2477,0.2319,0.2428,0.2416,0.2827,0.2127
34,CD20,246,6,75,216,1351,0.2368,0.1953,0.2361,0.2114,0.2256,0.3838
35,CD20,12,3,69,245,676,0.3638,0.3197,0.3289,0.2694,0.2587,0.3038
36,CD20,119,4,73,199,1299,0.2686,0.2584,0.3022,0.3271,0.4306,0.2212
37,CD20,16,3,69,310,649,0.3408,0.2669,0.2133,0.2692,0.3303,0.2708
38,CD20,86,4,73,70,1227,0.3164,0.2967,0.2187,0.2992,0.2598,0.2098
39,CD20,166,5,77,173,1036,0.2269,0.2446,0.2808,0.2881,0.2692,0.2187
40,CD20,78,4,75,194,1204,0.2619,0.2436,0.2984,0.2828,0.2889,0.227
41,CD20,428,7,85,287,788,0.2242,0.2397,0.2331,0.2589,0.245,0.3153
42,CD20,12,3,70,416,547,0.347,0.3003,0.2995,0.2145,0.2976,0.2138
43,CD20,74,4,76,617,345,0.2955,0.3656,0.2187,0.4,0.2612,0.295
44,CD20,24,3,73,94,1244,0.3636,0.2779,0.3567,0.3007,0.274,0.198
45,CD20,275,6,80,142,1109,0.2116,0.2208,0.2156,0.2082,0.2272,0.2009
46,CD20,71,4,74,153,1247,0.8132,0.321,0.2735,0.2519,0.368,0.2464
47,CD20,26,3,73,161,1259,0.3307,0.3231,0.3297,0.2689,0.2923,0.339
48,CD20,28,3,72,288,1029,0.32,0.2979,0.2318,0.2806,0.4245,0.307
49,CD20,28,3,73,112,1334,0.3002,0.3381,0.24,0.2829,0.2575,0.2359
50,CD20,80,4,76,136,1092,0.2609,0.2259,0.245,0.2545,0.1879,0.3327
51,CD20,20,3,73,157,1035,0.2994,0.2919,0.262,0.3357,0.58,0.3248
52,CD20,88,4,77,163,1288,0.313,0.2569,0.3228,0.2572,0.3022,0.5094
53,CD20,254,6,79,171,1099,0.2311,0.2397,0.263,0.2155,0.2258,0.2779
54,CD20,54,3,75,211,1252,0.3263,0.3508,0.3271,0.3104,0.3085,0.3113
55,CD20,48,3,74,312,638,0.3173,0.2899,0.2956,0.291,0.2737,0.2405
56,CD20,8,3,72,324,611,0.2706,0.2547,0.313,0.3249,0.2992,0.2909
57,CD20,51,3,75,425,542,0.3871,0.3203,0.3712,0.3311,0.4556,0.3598
58,CD20,24,3,75,686,72,0.0,0.3471,0.0,0.4635,0.0,0.553
59,CD20,54,3,75,70,1233,0.3319,0.3376,0.2267,0.2809,0.2726,0.2221
60,CD20,16,3,75,115,1339,0.5864,0.302,0.3572,0.3027,0.2651,0.2479
61,CD20,46,3,76,290,651,0.4357,0.368,0.2477,0.3108,0.3534,0.2594
62,CD20,18,3,74,348,925,0.3126,0.3007,0.2333,0.2955,0.315,0.4568
63,CD20,50,3,75,389,611,0.3953,0.3363,0.322,0.3976,0.5192,0.2773
64,CD20,654,8,87,665,41,0.2173,0.2335,0.2129,0.2141,0.2312,0.2642
65,CD20,301,6,82,131,1177,0.2793,0.2273,0.2514,0.2592,0.2028,0.3086
66,CD20,221,6,82,133,1106,0.2411,0.2507,0.24,0.1755,0.2289,0.2153
67,CD20,24,3,75,165,1328,0.3301,0.3559,0.2767,0.3044,0.2518,0.2234
68,CD20,332,6,88,170,1228,0.2805,0.215,0.2005,0.2376,0.2144,0.2314
69,CD20,124,4,81,300,707,0.246,0.2796,0.2631,0.2616,0.3052,0.2593
70,CD20,30,3,76,431,334,0.4261,0.2817,0.2786,0.3048,0.2937,0.1926
71,CD20,96,4,78,673,460,0.295,0.296,0.2916,0.2738,0.2351,0.2935
72,CD20,80,4,79,176,994,0.294,0.2525,0.2786,0.2917,0.2538,0.1662
73,CD20,520,8,90,258,1104,0.2149,0.2241,0.1979,0.2275,0.2304,0.3595
74,CD20,30,3,77,440,455,0.4318,0.3323,0.3026,0.225,0.234,0.2942
75,CD20,54,3,77,672,75,0.3115,0.3617,0.2265,0.4327,0.2683,0.1803
76,CD20,16,3,76,675,62,0.3928,0.3758,0.3732,0.3898,0.3493,0.3426
77,CD20,193,5,82,118,1277,0.2048,0.2325,0.1881,0.2248,0.2361,0.2109
78,CD20,8,3,76,170,1246,0.3483,0.2772,0.3015,0.4325,0.2438,0.3509
79,CD20,16,3,76,213,1180,0.3891,0.2886,0.318,0.3191,0.3083,0.283
80,CD20,24,3,77,215,1333,0.3651,0.2432,0.3405,0.2379,0.2407,0.211
81,CD20,131,5,80,269,817,0.2171,0.3134,0.2554,0.3008,0.2141,0.244
82,CD20,397,7,89,275,777,0.2351,0.2773,0.2494,0.1966,0.196,0.1883
83,CD20,84,4,79,280,1101,0.3369,0.2792,0.4074,0.1918,0.2816,0.2962
84,CD20,8,3,76,322,759,0.3535,0.3279,0.2976,0.3199,0.2792,0.3379
85,CD20,331,6,86,323,756,0.2384,0.1851,0.1868,0.2751,0.2816,0.212
86,CD20,45,3,78,405,444,0.309,0.2423,0.2913,0.2821,0.2723,0.5231
87,CD20,252,6,84,441,319,0.2537,0.232,0.2419,0.207,0.2571,0.2003
88,CD20,42,3,78,647,56,0.2474,0.313,0.2804,0.2652,0.2042,0.299
89,CD20,1359,11,111,675,50,0.2164,0.1576,0.1619,0.182,0.1965,0.2407
90,CD20,99,4,82,155,1251,0.3008,0.2675,0.3346,0.2185,0.2358,0.2809
91,CD20,12,3,77,260,1142,0.315,0.3584,0.294,0.3375,0.3698,0.3415
92,CD20,42,3,79,323,614,0.2866,0.3335,0.2958,0.2856,0.2324,0.2354
93,CD20,24,3,80,337,755,0.3282,0.3318,0.3002,0.3953,0.253,0.2421
94,CD20,257,6,86,404,523,0.2158,0.199,0.2095,0.2417,0.2038,0.2166
95,CD20,291,6,86,435,676,0.2282,0.2138,0.2436,0.2706,0.2309,0.3315
96,CD20,12,3,78,513,637,0.2434,0.2541,0.3004,0.2946,0.3322,0.283
97,CD20,77,4,80,634,59,0.3514,0.2612,0.2145,0.2496,0.2078,0.2473
98,CD20,8,3,78,83,1300,0.2998,0.3322,0.2461,0.2809,0.2504,0.224
99,CD20,20,3,80,181,1258,0.2821,0.3359,0.2922,0.2783,0.3571,0.2696
100,CD20,8,3,78,321,754,0.2823,0.3275,0.2884,0.4029,0.2665,0.2961
101,CD20,8,3,79,370,632,0.2814,0.3553,0.3237,0.2961,0.2333,0.2981
102,CD20,337,6,89,177,1181,0.1799,0.1947,0.1949,0.1922,0.2328,0.1955
103,CD20,284,6,86,205,1148,0.2042,0.2454,0.1626,0.2477,0.2867,0.2449
104,CD20,39,3,82,210,1243,0.3197,0.3085,0.293,0.3463,0.2573,0.2586
105,CD20,36,3,81,213,1166,0.3197,0.3327,0.3341,0.4119,0.2795,0.3371
106,CD20,70,4,82,219,888,0.2577,0.2797,0.244,0.2671,0.2498,0.2409
107,CD20,288,6,88,242,1036,0.2523,0.1923,0.2311,0.2365,0.3108,0.2392
108,CD20,210,5,86,397,751,0.2657,0.2418,0.2429,0.246,0.2598,0.5032
109,CD20,44,3,81,408,560,0.2528,0.2331,0.3736,0.294,0.3796,0.3106
110,CD20,112,4,82,508,640,0.2654,0.2963,0.2088,0.2755,0.3045,0.202
111,CD20,1057,10,97,593,155,0.3201,0.2241,0.1712,0.2168,0.2055,0.3087
112,CD20,38,3,82,678,419,0.2934,0.2982,0.35,0.3582,0.3727,0.4379
113,CD20,1165,10,100,679,36,0.2083,0.2457,0.1642,0.2152,0.2132,0.2174
114,CD20,44,3,81,685,425,0.4273,0.3335,0.0,0.2816,0.0,0.2457
115,CD20,12,3,82,133,1128,0.233,0.2696,0.3896,0.2448,0.371,0.3423
116,CD20,54,3,82,181,1253,0.256,0.3571,0.266,0.2519,0.3488,0.2869
117,CD20,158,5,87,276,707,0.4192,0.2673,0.2659,0.239,0.2189,0.3329
118,CD20,127,5,88,317,1006,0.2584,0.2179,0.2497,0.2255,0.2339,0.1641
119,CD20,35,3,83,325,631,0.2732,0.2815,0.2893,0.3167,0.246,0.2862
120,CD20,183,5,87,408,445,0.2169,0.2301,0.2189,0.2153,0.2769,0.2718
121,CD20,69,4,85,436,453,0.3696,0.35,0.2209,0.2663,0.305,0.2857
122,CD20,176,5,89,561,224,0.3127,0.291,0.2553,0.2549,0.2652,0.2375
123,CD20,22,3,82,588,20,0.2974,0.2822,0.3754,0.2789,0.3267,0.3055
124,CD20,12,3,81,83,1303,0.2977,0.279,0.2043,0.2685,0.2676,0.2637
125,CD20,23,3,82,87,1214,0.2106,0.3229,0.2708,0.3429,0.41,0.2299
126,CD20,127,5,85,156,1033,0.2163,0.243,0.2914,0.2712,0.2516,0.2554
127,CD20,36,3,83,172,1104,0.2939,0.3277,0.2561,0.2519,0.2588,0.4335
128,CD20,71,4,85,173,1248,0.306,0.3181,0.271,0.2625,0.2446,0.2508
129,CD20,101,4,84,286,1029,0.2966,0.2918,0.2585,0.3103,0.2682,0.2363
130,CD20,40,3,84,142,1043,0.3013,0.38,0.2632,0.392,0.2376,0.2712
131,CD20,25,3,83,236,1143,0.3085,0.3337,0.3179,0.3565,0.2818,0.4603
132,CD20,458,7,94,589,289,0.2753,0.2378,0.1888,0.1925,0.2926,0.2737
133,CD20,12,3,83,254,1096,0.2903,0.2969,0.3855,0.3413,0.409,0.2105
134,CD20,28,3,86,267,798,0.2989,0.2653,0.4485,0.2455,0.362,0.2409
135,CD20,424,7,97,525,377,0.3137,0.2432,0.2505,0.218,0.237,0.2878
136,CD20,79,4,86,603,281,0.3036,0.2728,0.3453,0.2417,0.3856,0.3374
137,CD20,8,3,83,674,373,0.2529,0.2072,0.2488,0.2814,0.2885,0.2252
138,CD20,179,5,90,127,1212,0.2148,0.2585,0.2736,0.226,0.2224,0.195
139,CD20,53,3,86,130,1116,0.3556,0.308,0.2367,0.2819,0.2815,0.2136
140,CD20,38,3,86,130,1132,0.2409,0.3615,0.3064,0.2284,0.2919,0.2103
141,CD20,248,6,91,139,1230,0.2468,0.2144,0.2603,0.2294,0.2514,0.2104
142,CD20,14,3,85,151,1221,0.3196,0.32,0.3253,0.3089,0.2621,0.2432
143,CD20,28,3,86,154,1327,0.3025,0.3426,0.2482,0.2745,0.2628,0.2459
144,CD20,26,3,85,157,1072,0.3394,0.2527,0.3028,0.2827,0.3324,0.3852
145,CD20,193,5,90,198,1009,0.2073,0.2684,0.23,0.2125,0.2386,0.226
146,CD20,8,3,84,229,920,0.3469,0.3039,0.4328,0.303,0.242,0.4082
147,CD20,26,3,86,237,897,0.3279,0.2627,0.2991,0.3584,0.2988,0.3733
148,CD20,28,3,85,298,1017,0.2891,0.2479,0.373,0.3032,0.288,0.2471
149,CD20,102,4,90,347,766,0.3033,0.2392,0.2486,0.3058,0.3686,0.2068
150,CD20,38,3,86,643,554,0.3543,0.3184,0.3254,0.2944,0.2881,0.3243
151,CD20,14,3,84,670,50,0.2697,0.3251,0.2796,0.3004,0.328,0.2624
152,CD20,8,3,85,57,1298,0.2976,0.3136,0.2886,0.3331,0.3615,0.3393
153,CD20,8,3,85,142,1022,0.2588,0.2555,0.2323,0.35,0.2401,0.355
154,CD20,8,3,85,168,1330,0.2963,0.2935,0.2879,0.3131,0.2962,0.2589
155,CD20,102,4,92,192,955,0.2814,0.2572,0.3627,0.3094,0.3427,0.2144
156,CD20,16,3,86,196,1159,0.2263,0.3174,0.2489,0.2963,0.3177,0.2297
157,CD20,339,6,92,209,1032,0.2365,0.1865,0.2044,0.1948,0.249,0.2016
158,CD20,20,3,87,221,1023,0.2533,0.3114,0.2869,0.3417,0.2465,0.2612
159,CD20,16,3,86,231,1220,0.2763,0.3193,0.3445,0.3301,0.3179,0.415
160,CD20,42,3,88,261,738,0.2485,0.3325,0.3239,0.3254,0.2822,0.2174
161,CD20,12,3,85,261,812,0.3,0.312,0.3093,0.2945,0.2194,0.2889
162,CD20,222,6,90,338,755,0.1883,0.2711,0.2247,0.2104,0.2752,0.1722
163,CD20,22,3,86,390,535,0.3058,0.2639,0.2781,0.3049,0.3743,0.2126
164,CD20,12,3,85,511,638,0.2822,0.2266,0.2429,0.3843,0.2715,0.2151
165,CD20,46,3,91,543,317,0.3609,0.3634,0.3167,0.2317,0.333,0.3454
166,CD20,572,8,102,564,237,0.3222,0.2615,0.165,0.1824,0.2136,0.1652
167,CD20,30,3,86,580,92,0.3542,0.2898,0.3252,0.2006,0.3468,0.2442
168,CD20,8,3,85,589,18,0.3702,0.333,0.2983,0.3063,0.2733,0.3581
169,CD20,16,3,86,667,56,0.2734,0.2905,0.288,0.3363,0.3383,0.2619
170,CD20,8,3,85,676,366,0.3246,0.2792,0.2901,0.398,0.3825,0.2987
171,CD20,188,5,93,144,1053,0.2572,0.2591,0.2483,0.2609,0.2784,0.183
172,CD20,71,4,91,183,1256,0.2626,0.276,0.3152,0.2588,0.21,0.2203
173,CD20,20,3,88,233,1198,0.2954,0.288,0.2842,0.2462,0.4615,0.1941
174,CD20,12,3,86,257,979,0.3111,0.2486,0.2577,0.3406,0.267,0.3226
175,CD20,12,3,86,258,918,0.3183,0.259,0.3896,0.2883,0.2957,0.3064
176,CD20,91,4,89,264,1128,0.2534,0.1831,0.2975,0.2956,0.309,0.2125
177,CD20,45,3,89,332,759,0.3212,0.3115,0.2892,0.2839,0.2632,0.3124
178,CD20,16,3,86,361,734,0.2614,0.3292,0.3222,0.3564,0.2202,0.2629
179,CD20,8,3,86,554,69,0.4124,0.2772,0.289,0.278,0.3086,0.2305
180,CD20,20,3,87,596,27,0.3568,0.3169,0.2819,0.3509,0.2972,0.2104
181,CD20,278,6,97,674,373,0.2431,0.1885,0.2302,0.2476,0.2175,0.2006
182,CD20,68,4,89,229,1208,0.2165,0.2723,0.2778,0.2199,0.2687,0.3088
183,CD20,130,5,93,253,1035,0.2573,0.2542,0.2513,0.2181,0.2245,0.2133
184,CD20,18,3,89,257,1050,0.316,0.2693,0.3476,0.2653,0.2521,0.2688
185,CD20,47,3,89,339,845,0.2683,0.292,0.338,0.3959,0.3018,0.3328
186,CD20,12,3,88,338,855,0.3386,0.4062,0.2288,0.3198,0.2754,0.3038
187,CD20,555,8,97,556,266,0.2099,0.2277,0.2047,0.2419,0.1745,0.1691
188,CD20,16,3,88,582,85,0.3165,0.2492,0.248,0.3064,0.3582,0.3535
189,CD20,12,3,87,586,322,0.3282,0.2109,0.2863,0.2813,0.3465,0.3932
190,CD20,8,3,88,105,1285,0.3034,0.3402,0.2946,0.3403,0.3141,0.2524
191,CD20,26,3,90,196,1207,0.2637,0.2816,0.2959,0.3235,0.3102,0.3299
192,CD20,12,3,89,223,1050,0.3254,0.2835,0.2967,0.4275,0.3721,0.2763
193,CD20,20,3,89,226,1162,0.3008,0.3487,0.3361,0.3029,0.3067,0.2569
194,CD20,75,4,93,302,704,0.2489,0.3469,0.228,0.2882,0.2069,0.2158
195,CD20,149,5,94,315,774,0.2043,0.3042,0.238,0.2528,0.2528,0.1895
196,CD20,449,7,99,385,749,0.2308,0.1946,0.2119,0.2517,0.2212,0.3692
197,CD20,24,3,90,407,564,0.2936,0.3334,0.2938,0.2963,0.3326,0.2428
198,CD20,8,3,88,557,72,0.3035,0.3024,0.2616,0.317,0.3273,0.2877
199,CD20,37,3,90,669,356,0.3864,0.2851,0.2835,0.2931,0.3826,0.2728
200,CD20,121,4,95,220,1082,0.2767,0.2189,0.3194,0.1805,0.2417,0.238
201,CD20,8,3,89,293,763,0.3858,0.3449,0.2691,0.2667,0.3036,0.3274
202,CD20,60,3,95,472,279,0.2946,0.3192,0.2508,0.2766,0.2597,0.3025
203,CD20,290,6,96,564,312,0.3027,0.2433,0.2423,0.2124,0.2503,0.1763
204,CD20,16,3,90,637,292,0.2517,0.3427,0.3287,0.251,0.2789,0.2877
205,CD20,60,3,93,670,51,0.3445,0.2926,0.3467,0.3699,0.2735,0.2171
206,CD20,38,3,91,673,93,0.2914,0.3257,0.378,0.2683,0.3058,0.3348
207,CD20,12,3,89,677,366,0.4025,0.3663,0.2871,0.2679,0.3335,0.2295
208,CD20,16,3,90,678,458,0.3151,0.3453,0.3725,0.2615,0.2706,0.3594
209,CD20,32,3,91,109,1212,0.3263,0.3384,0.3154,0.2397,0.2576,0.2355
210,CD20,75,4,95,212,1138,0.2922,0.3173,0.2431,0.2699,0.2579,0.2316
211,CD20,89,4,95,225,1048,0.2525,0.2259,0.3755,0.2959,0.2989,0.2335
212,CD20,237,6,105,301,1006,0.2497,0.2409,0.1989,0.2122,0.1721,0.1773
213,CD20,12,3,90,443,587,0.2887,0.2982,0.3926,0.2783,0.2358,0.2111
214,CD20,88,4,96,571,158,0.3025,0.2804,0.2938,0.2652,0.3251,0.2709
215,CD20,24,3,91,578,133,0.3244,0.4001,0.3712,0.3828,0.3763,0.3348
216,CD20,458,7,99,588,322,0.2085,0.1892,0.2226,0.2196,0.2179,0.1917
217,CD20,38,3,92,671,90,0.3758,0.2926,0.3256,0.3055,0.2984,0.371
218,CD20,214,5,96,199,1065,0.2898,0.2507,0.2689,0.2466,0.245,0.2628
219,CD20,40,3,92,266,791,0.2946,0.2849,0.4401,0.2867,0.2642,0.2791
220,CD20,155,5,94,273,833,0.2306,0.2652,0.2985,0.3043,0.3093,0.2926
221,CD20,42,3,96,323,811,0.2563,0.3533,0.3204,0.3055,0.3464,0.2274
222,CD20,499,7,104,341,787,0.2112,0.1949,0.2153,0.2117,0.2453,0.2354
223,CD20,87,4,95,685,425,0.3087,0.3337,0.0,0.2337,0.0,0.2389
224,CD20,68,4,95,172,1246,0.276,0.2872,0.259,0.2156,0.2329,0.2914
225,CD20,8,3,92,201,864,0.3609,0.2896,0.2762,0.3501,0.2365,0.2724
226,CD20,16,3,92,238,900,0.3422,0.3346,0.3192,0.3391,0.343,0.2855
227,CD20,32,3,94,530,384,0.3124,0.351,0.3075,0.2583,0.3298,0.3174
228,CD20,8,3,93,142,1039,0.3092,0.3345,0.3806,0.2567,0.3522,0.2007
229,CD20,173,5,98,203,972,0.2703,0.2012,0.1877,0.2354,0.2114,0.2386
230,CD20,8,3,93,251,1211,0.3152,0.2801,0.2907,0.2641,0.3827,0.2633
231,CD20,28,3,96,343,745,0.308,0.3066,0.3905,0.2346,0.2761,0.4276
232,CD20,30,3,95,388,536,0.2299,0.3469,0.2914,0.2439,0.2841,0.3234
233,CD20,18,3,94,410,564,0.2384,0.3077,0.2178,0.2385,0.2789,0.3914
234,CD20,160,5,98,499,321,0.2877,0.2542,0.2774,0.2904,0.2488,0.2058
235,CD20,12,3,94,506,413,0.2853,0.2909,0.3225,0.3605,0.279,0.2683
236,CD20,93,4,98,556,361,0.3028,0.3184,0.2496,0.2841,0.263,0.2947
237,CD20,341,6,104,584,149,0.2055,0.2369,0.2656,0.2834,0.2346,0.1825
238,CD20,573,8,103,660,125,0.2672,0.2323,0.1743,0.2313,0.2281,0.3109
239,CD20,28,3,96,110,1229,0.3075,0.2909,0.29,0.2554,0.2413,0.2578
240,CD20,12,3,94,113,1215,0.3543,0.2957,0.2977,0.2379,0.3056,0.2037
241,CD20,22,3,96,137,1088,0.2418,0.3356,0.3318,0.3197,0.2876,0.2647
242,CD20,44,3,97,150,1159,0.2836,0.3582,0.3595,0.3488,0.3687,0.2054
243,CD20,84,4,99,151,1327,0.2679,0.179,0.2432,0.2084,0.24,0.1949
244,CD20,96,4,96,180,1090,0.1973,0.2717,0.2819,0.2908,0.284,0.2117
245,CD20,24,3,96,268,822,0.2555,0.2897,0.3876,0.2963,0.3338,0.4656
246,CD20,24,3,96,292,763,0.2738,0.379,0.3613,0.2345,0.2508,0.2867
247,CD20,24,3,96,299,1015,0.3352,0.248,0.336,0.3518,0.2939,0.3568
248,CD20,152,5,101,580,161,0.239,0.2737,0.3229,0.2486,0.2229,0.2262
249,CD20,25,3,95,582,91,0.2771,0.3328,0.3053,0.2519,0.3002,0.4253
250,CD20,16,3,94,586,329,0.28,0.3223,0.2887,0.2263,0.3471,0.4229
251,CD20,12,3,96,108,1261,0.2251,0.286,0.3154,0.3248,0.3202,0.2052
252,CD20,42,3,97,171,1102,0.2953,0.3125,0.2422,0.3704,0.2449,0.3514
253,CD20,74,4,99,213,1183,0.212,0.2345,0.2561,0.2668,0.2448,0.3135
254,CD20,55,3,98,256,1210,0.3007,0.3432,0.3269,0.2466,0.342,0.2574
255,CD20,8,3,95,263,760,0.2831,0.4084,0.321,0.3165,0.285,0.3285
256,CD20,61,3,98,303,1012,0.2418,0.3028,0.4808,0.3135,0.2509,0.3531
257,CD20,16,3,96,504,641,0.3612,0.2924,0.3946,0.2887,0.2809,0.4286
258,CD20,102,4,98,505,254,0.2914,0.2879,0.2965,0.2619,0.2623,0.3036
259,CD20,263,6,101,563,290,0.2339,0.2498,0.2254,0.1926,0.1908,0.1744
260,CD20,145,5,101,585,172,0.2669,0.2761,0.2681,0.2969,0.2307,0.1718
261,CD20,307,6,103,611,63,0.2167,0.2297,0.1871,0.1995,0.2143,0.1846
262,CD20,81,4,100,651,109,0.2863,0.2406,0.2267,0.2165,0.2907,0.2012
263,CD20,8,3,96,147,1001,0.338,0.3093,0.2652,0.333,0.2836,0.2305
264,CD20,64,4,99,151,1072,0.2395,0.2565,0.2512,0.1883,0.2668,0.1875
265,CD20,16,3,96,435,362,0.279,0.2818,0.3423,0.2927,0.3318,0.259
266,CD20,8,3,96,474,275,0.2818,0.3194,0.3151,0.233,0.3019,0.2303
267,CD20,12,3,97,492,324,0.3297,0.2892,0.3301,0.2573,0.2576,0.3745
268,CD20,12,3,98,229,1120,0.3401,0.3253,0.3512,0.4371,0.3727,0.3131
269,CD20,8,3,97,261,1114,0.2882,0.3435,0.28,0.2999,0.2889,0.4054
270,CD20,24,3,100,264,1126,0.2442,0.3201,0.3121,0.3134,0.2868,0.347
271,CD20,22,3,98,275,809,0.276,0.3021,0.2913,0.22,0.319,0.3611
272,CD20,8,3,97,368,632,0.3255,0.3234,0.2963,0.3354,0.3015,0.3008
273,CD20,221,6,103,386,596,0.2273,0.235,0.2362,0.2312,0.2781,0.3286
274,CD20,38,3,100,558,284,0.3162,0.3023,0.2685,0.32,0.3129,0.436
275,CD20,34,3,100,577,190,0.3897,0.4234,0.3061,0.348,0.3385,0.305
276,CD20,67,4,98,684,380,0.2738,0.3244,0.0,0.2757,0.0,0.2733
277,CD20,23,3,99,231,913,0.2831,0.3525,0.3693,0.2952,0.3964,0.3385
278,CD20,8,3,98,278,702,0.2738,0.2976,0.332,0.3022,0.304,0.2536
279,CD20,95,4,101,579,133,0.3115,0.3273,0.2817,0.2619,0.2541,0.2704
280,CD20,12,3,99,587,327,0.2856,0.2918,0.2383,0.2948,0.2605,0.2548
281,CD20,377,7,109,605,79,0.2972,0.2342,0.1642,0.1585,0.2312,0.1835
282,CD20,54,3,102,677,460,0.3148,0.3351,0.3775,0.3251,0.4087,0.2216
283,CD20,26,3,101,199,939,0.2658,0.3655,0.3208,0.333,0.3408,0.2119
284,CD20,12,3,99,248,642,0.3249,0.318,0.2625,0.2418,0.3267,0.3548
285,CD20,40,3,103,537,396,0.4088,0.2638,0.3278,0.3247,0.3841,0.508
286,CD20,8,3,99,566,317,0.2971,0.2148,0.3369,0.2797,0.2765,0.3687
287,CD20,819,9,116,615,115,0.238,0.2574,0.2131,0.2322,0.2472,0.1703
288,CD20,8,3,99,636,292,0.3433,0.3848,0.2946,0.3641,0.3602,0.3105
289,CD20,270,6,107,181,1135,0.2613,0.2661,0.2356,0.3428,0.2345,0.2391
290,CD20,12,3,101,234,893,0.3508,0.3835,0.4337,0.5429,0.2992,0.383
291,CD20,28,3,103,362,757,0.3337,0.317,0.2494,0.2483,0.3328,0.2846
292,CD20,74,4,102,371,631,0.2735,0.2317,0.2502,0.2783,0.2897,0.2234
293,CD20,34,3,102,464,362,0.3658,0.6546,0.4244,0.8357,0.4782,0.317
294,CD20,116,4,107,503,368,0.2379,0.232,0.3081,0.2167,0.2431,0.1774
295,CD20,49,3,104,532,385,0.404,0.3001,0.3053,0.3348,0.3011,0.3669
296,CD20,12,3,102,163,1113,0.3852,0.3825,0.3373,0.291,0.2937,0.2615
297,CD20,53,3,103,199,1156,0.2758,0.3536,0.3519,0.2066,0.2468,0.3223
298,CD20,12,3,101,249,1033,0.2964,0.3214,0.3435,0.3526,0.2998,0.2847
299,CD20,174,5,106,254,1099,0.2729,0.2624,0.2557,0.2361,0.1965,0.2
300,CD20,58,3,107,338,740,0.3335,0.3004,0.242,0.2187,0.3282,0.3662
301,CD20,12,3,101,372,571,0.2941,0.3433,0.2962,0.2485,0.2757,0.2473
302,CD20,368,7,109,542,318,0.1946,0.2495,0.2296,0.2404,0.2547,0.1875
303,CD20,106,4,105,546,289,0.2752,0.3448,0.3191,0.2709,0.2833,0.24
304,CD20,32,3,105,553,365,0.3362,0.3169,0.2912,0.3069,0.2904,0.3212
305,CD20,394,7,109,555,113,0.2235,0.2393,0.2096,0.1853,0.2221,0.1786
306,CD20,227,6,109,624,158,0.2569,0.2372,0.1884,0.255,0.2369,0.1983
307,CD20,8,3,101,664,32,0.2905,0.3341,0.3165,0.3188,0.2734,0.2851
308,CD20,26,3,102,173,1049,0.2517,0.312,0.2396,0.2718,0.2783,0.2063
309,CD20,24,3,104,238,933,0.3052,0.376,0.3375,0.3181,0.3288,0.3243
310,CD20,69,4,105,266,789,0.2747,0.2634,0.5577,0.312,0.2803,0.2702
311,CD20,8,3,102,328,823,0.2977,0.2719,0.2785,0.2283,0.2924,0.312
312,CD20,12,3,102,513,320,0.2613,0.3134,0.4385,0.3839,0.3259,0.3471
313,CD20,136,5,105,549,278,0.2292,0.235,0.2827,0.2424,0.2628,0.1508
314,CD20,34,3,104,586,143,0.3005,0.2642,0.299,0.3375,0.3061,0.2346
315,CD20,34,3,103,661,209,0.3357,0.3007,0.4021,0.317,0.3534,0.3318
316,CD20,64,4,105,674,91,0.2619,0.3216,0.2106,0.2366,0.29,0.2056
317,CD20,32,3,105,198,1013,0.3539,0.317,0.2807,0.2852,0.2727,0.3202
318,CD20,12,3,104,342,698,0.2932,0.3242,0.3076,0.3197,0.2861,0.2761
319,CD20,12,3,104,439,456,0.2967,0.2373,0.381,0.237,0.3375,0.1909
320,CD20,24,3,105,555,359,0.3114,0.3063,0.3041,0.3011,0.2434,0.3429
321,CD20,32,3,106,147,1230,0.3229,0.3908,0.3565,0.2538,0.3561,0.2864
322,CD20,83,4,109,251,1031,0.2544,0.2956,0.2244,0.3088,0.3042,0.3317
323,CD20,22,3,105,368,573,0.3808,0.2494,0.2775,0.3049,0.298,0.2206
324,CD20,22,3,105,543,259,0.3923,0.3322,0.3399,0.3438,0.3267,0.2808
325,CD20,29,3,107,115,1243,0.2812,0.3324,0.3229,0.344,0.2779,0.29
326,CD20,12,3,106,239,1024,0.2916,0.3464,0.2468,0.217,0.251,0.2259
327,CD20,20,3,107,281,758,0.2871,0.3391,0.3546,0.2568,0.2759,0.3113
328,CD20,26,3,106,317,887,0.304,0.2627,0.3679,0.2431,0.386,0.3515
329,CD20,66,4,111,333,718,0.2629,0.2895,0.1608,0.2896,0.2668,0.2322
330,CD20,196,5,110,476,372,0.2724,0.2199,0.3047,0.2373,0.2539,0.2027
331,CD20,26,3,108,296,709,0.3018,0.3254,0.2936,0.2768,0.372,0.3319
332,CD20,8,3,106,515,318,0.4159,0.2641,0.4198,0.3704,0.3652,0.2871
333,CD20,81,4,112,651,142,0.222,0.2766,0.2678,0.2536,0.3515,0.245
334,CD20,8,3,107,154,1231,0.3166,0.2424,0.3707,0.2905,0.2978,0.2293
335,CD20,76,4,111,269,784,0.3618,0.2295,0.4834,0.2452,0.2416,0.3192
336,CD20,124,4,112,312,722,0.2901,0.2208,0.2848,0.2134,0.2549,0.226
337,CD20,66,4,112,520,381,0.2563,0.2648,0.3134,0.2881,0.2967,0.3119
338,CD20,70,4,111,204,1150,0.2616,0.2793,0.2815,0.2205,0.2152,0.2917
339,CD20,40,3,110,271,673,0.2765,0.3014,0.2117,0.3049,0.2359,0.3505
340,CD20,8,3,108,311,714,0.4323,0.3474,0.2828,0.2886,0.303,0.2206
341,CD20,8,3,108,320,808,0.3537,0.2852,0.3213,0.3232,0.2844,0.2816
342,CD20,380,7,117,341,772,0.2162,0.1903,0.2164,0.2204,0.22,0.1848
343,CD20,81,4,113,615,190,0.3181,0.2755,0.3815,0.3318,0.2322,0.1792
344,CD20,20,3,109,660,118,0.3482,0.2845,0.3025,0.351,0.2818,0.2987
345,CD20,22,3,110,228,846,0.3522,0.2826,0.2909,0.2698,0.2979,0.293
346,CD20,16,3,110,240,933,0.2697,0.2319,0.2938,0.2884,0.3029,0.2453
347,CD20,12,3,110,261,763,0.294,0.32,0.4144,0.2769,0.3226,0.2559
348,CD20,12,3,110,278,760,0.3277,0.293,0.213,0.304,0.248,0.2088
349,CD20,68,4,112,535,332,0.2759,0.2384,0.2853,0.2464,0.2765,0.2843
350,CD20,24,3,110,561,262,0.3195,0.3172,0.2882,0.3002,0.3315,0.4088
351,CD20,12,3,109,618,131,0.2689,0.3534,0.3652,0.2289,0.2119,0.3482
352,CD20,16,3,111,290,927,0.2688,0.3661,0.3337,0.262,0.3084,0.4513
353,CD20,12,3,111,316,884,0.3754,0.2909,0.3482,0.2867,0.2832,0.2725
354,CD20,615,8,120,573,307,0.2184,0.2086,0.2136,0.1989,0.2176,0.1877
355,CD20,62,3,113,668,126,0.2829,0.2721,0.3257,0.2068,0.2581,0.3411
356,CD20,48,3,112,153,1137,0.2933,0.2471,0.3171,0.3304,0.3347,0.3559
357,CD20,24,3,114,176,1085,0.2922,0.2685,0.2608,0.342,0.2491,0.1802
358,CD20,113,4,119,312,768,0.2809,0.2607,0.2927,0.2325,0.2411,0.1752
359,CD20,33,3,113,577,343,0.3463,0.2484,0.3326,0.2503,0.3157,0.2639
360,CD20,34,3,113,616,137,0.2898,0.3017,0.2767,0.3786,0.4025,0.3065
361,CD20,30,3,115,316,742,0.2591,0.3403,0.3531,0.3314,0.3104,0.3623
362,CD20,120,4,117,597,125,0.2727,0.2136,0.227,0.3314,0.263,0.2156
363,CD20,12,3,114,607,199,0.2846,0.2767,0.3421,0.3111,0.4004,0.2016
364,CD20,8,3,113,613,120,0.2933,0.3775,0.2173,0.304,0.3545,0.2904
365,CD20,58,3,116,555,361,0.2585,0.3327,0.3207,0.3629,0.2688,0.2225
366,CD20,97,4,121,584,89,0.2348,0.3044,0.2192,0.3166,0.2463,0.2527
367,CD20,40,3,115,618,129,0.3131,0.2909,0.3657,0.307,0.2841,0.2549
368,CD20,41,3,116,256,1046,0.2351,0.4061,0.3706,0.3063,0.2559,0.231
369,CD20,107,4,118,644,175,0.2557,0.2542,0.3049,0.2544,0.3439,0.3181
370,CD20,12,3,116,165,974,0.3758,0.2925,0.2782,0.322,0.2338,0.2936
371,CD20,38,3,119,273,1057,0.3387,0.2594,0.2862,0.4014,0.2634,0.313
372,CD20,64,4,119,339,739,0.1809,0.2901,0.2897,0.2377,0.2717,0.2094
373,CD20,12,3,117,553,364,0.2741,0.3061,0.3184,0.2902,0.3286,0.305
374,CD20,25,3,116,559,277,0.2922,0.275,0.2075,0.2468,0.2584,0.268
375,CD20,44,3,117,579,161,0.3326,0.3007,0.339,0.3142,0.3375,0.3486
376,CD20,85,4,118,608,124,0.3087,0.2598,0.3277,0.2684,0.317,0.1922
377,CD20,72,4,122,239,987,0.2712,0.2937,0.281,0.219,0.2165,0.2024
378,CD20,24,3,120,458,383,0.3037,0.3444,0.2749,0.2688,0.3042,0.3431
379,CD20,8,3,118,587,173,0.2933,0.334,0.3171,0.2515,0.2771,0.1708
380,CD20,16,3,119,627,47,0.3212,0.242,0.3344,0.2511,0.2508,0.2384
381,CD20,165,5,126,626,159,0.2073,0.2889,0.2539,0.2299,0.2549,0.1804
382,CD20,42,3,121,536,203,0.3137,0.2978,0.3482,0.3685,0.3706,0.3385
383,CD20,8,3,120,128,1143,0.2523,0.309,0.3195,0.2765,0.2447,0.1812
384,CD20,16,3,120,238,833,0.2959,0.2915,0.232,0.2978,0.2766,0.3185
385,CD20,12,3,120,269,672,0.253,0.3425,0.3411,0.2928,0.3045,0.2861
386,CD20,12,3,120,286,888,0.3555,0.2728,0.3023,0.3488,0.2009,0.2676
387,CD20,12,3,121,337,766,0.2554,0.3552,0.2497,0.2373,0.311,0.223
388,CD20,44,3,123,568,308,0.327,0.2853,0.297,0.2995,0.2898,0.3374
389,CD20,12,3,120,583,174,0.2361,0.3675,0.3006,0.276,0.2974,0.2733
390,CD20,28,3,122,625,155,0.2981,0.3742,0.2393,0.2783,0.2755,0.2761
391,CD20,105,4,123,634,143,0.1948,0.2651,0.2282,0.2486,0.3402,0.2261
392,CD20,12,3,122,99,1224,0.2889,0.336,0.3026,0.2542,0.282,0.3167
393,CD20,32,3,124,306,783,0.337,0.297,0.3759,0.272,0.2664,0.3357
394,CD20,12,3,123,607,198,0.3547,0.3256,0.3007,0.2461,0.3904,0.2145
395,CD20,8,3,123,424,488,0.3206,0.2815,0.2756,0.296,0.2663,0.3885
396,CD20,8,3,124,128,1141,0.2849,0.268,0.288,0.2514,0.2284,0.2115
397,CD20,189,5,130,467,374,0.2712,0.2705,0.2357,0.2181,0.2164,0.2584
398,CD20,22,3,125,517,247,0.33,0.2849,0.2399,0.216,0.3136,0.1965
399,CD20,24,3,126,618,136,0.2872,0.3444,0.3389,0.2298,0.3669,0.2821
400,CD20,108,4,129,359,751,0.2964,0.2654,0.3551,0.2533,0.2582,0.3358
401,CD20,251,6,131,538,330,0.2215,0.2438,0.2409,0.2035,0.2577,0.2145
402,CD20,50,3,126,654,162,0.2504,0.3894,0.2974,0.3162,0.2833,0.2862
403,CD20,32,3,128,655,49,0.3257,0.2813,0.3072,0.2632,0.4151,0.2916
404,CD20,261,6,133,614,188,0.2439,0.1965,0.2452,0.2157,0.2802,0.1855
405,CD20,157,5,134,563,337,0.2564,0.2555,0.2591,0.2163,0.2015,0.2304
406,CD20,30,3,129,575,264,0.3197,0.3372,0.238,0.2552,0.262,0.2197
407,CD20,26,3,129,649,162,0.2932,0.2997,0.3089,0.2976,0.2864,0.3136
408,CD20,59,3,133,515,329,0.3341,0.2941,0.2294,0.3627,0.2624,0.3034
409,CD20,30,3,129,608,59,0.2831,0.346,0.3384,0.2962,0.2031,0.1954
410,CD20,8,3,130,306,786,0.2655,0.2932,0.3467,0.2813,0.3278,0.2026
411,CD20,12,3,131,639,149,0.3064,0.2266,0.2875,0.311,0.2658,0.2736
412,CD20,8,3,131,332,626,0.2898,0.3236,0.3449,0.2731,0.3473,0.2931
413,CD20,184,5,134,554,330,0.2687,0.2379,0.2769,0.2344,0.2773,0.2222
414,CD20,56,3,135,342,772,0.2492,0.3252,0.3291,0.2829,0.2858,0.4547
415,CD20,34,3,134,585,195,0.3873,0.3336,0.3109,0.2511,0.4009,0.3209
416,CD20,24,3,134,609,224,0.299,0.2937,0.3431,0.3123,0.3683,0.294
417,CD20,8,3,133,338,765,0.281,0.298,0.2747,0.2192,0.3206,0.3395
418,CD20,24,3,136,311,769,0.2699,0.2894,0.3015,0.2964,0.2845,0.2471
419,CD20,20,3,136,347,770,0.2755,0.2654,0.3328,0.2918,0.2318,0.4045
420,CD20,42,3,137,580,220,0.384,0.2999,0.2748,0.3183,0.3528,0.252
421,CD20,12,3,135,550,329,0.3475,0.3535,0.352,0.2371,0.3433,0.2762
422,CD20,16,3,135,651,140,0.2616,0.2706,0.3991,0.3118,0.3135,0.2899
423,CD20,36,3,139,579,311,0.2884,0.3233,0.2705,0.2168,0.365,0.2613
424,CD20,28,3,139,537,202,0.4035,0.2537,0.2443,0.2995,0.3631,0.3263
425,CD20,84,4,142,542,329,0.2052,0.235,0.2594,0.2578,0.2307,0.1734
426,CD20,16,3,138,548,331,0.2636,0.3234,0.4384,0.2167,0.3269,0.2825
427,CD20,22,3,139,677,85,0.3142,0.3199,0.3682,0.36,0.4303,0.2478
428,CD20,30,3,141,561,332,0.3941,0.2583,0.3164,0.2727,0.2985,0.323
429,CD20,88,4,143,564,280,0.2702,0.279,0.2749,0.2575,0.2683,0.1798
430,CD20,38,3,141,644,185,0.2486,0.2982,0.2669,0.2538,0.2879,0.2957
431,CD20,64,4,146,494,7,0.3506,0.6468,0.0,0.4188,0.3162,0.0
432,CD20,87,4,144,606,227,0.2819,0.2484,0.3001,0.296,0.2955,0.2438
433,CD20,120,4,150,634,146,0.3137,0.242,0.2899,0.3266,0.2409,0.1761
434,CD20,37,3,147,621,139,0.391,0.3111,0.2483,0.2986,0.2704,0.2974
435,CD20,26,3,147,616,138,0.4014,0.3596,0.3003,0.3155,0.2893,0.2842
436,CD20,8,3,146,631,145,0.2989,0.2763,0.2227,0.2629,0.263,0.2466
437,CD20,96,4,153,82,616,0.3268,0.6394,0.3667,0.4954,0.4339,0.0
438,CD20,20,3,150,537,204,0.2744,0.2969,0.3334,0.2667,0.3764,0.3485
439,CD20,28,3,152,440,453,0.2578,0.3635,0.2751,0.2761,0.3037,0.2497
440,CD20,12,3,159,617,178,0.2704,0.2814,0.2629,0.2554,0.2815,0.2592
441,CD20,12,3,166,656,94,0.3022,0.2503,0.3327,0.2995,0.3285,0.3229
1,CD11b,59,3,38,285,1087,0.0,0.4023,0.3491,0.3377,0.0,0.0
2,CD11b,268,6,50,355,387,0.2834,0.2193,0.5466,0.2406,0.2928,0.3094
3,CD11b,10408,21,84,272,1083,0.2576,0.178,0.3696,0.165,0.2245,0.2012
4,CD11b,438,7,60,418,521,0.2518,0.2266,0.2704,0.2567,0.2388,0.1858
5,CD11b,153,5,59,109,864,0.2725,0.2005,0.2854,0.2087,0.2251,0.2878
6,CD11b,1867,12,70,413,503,0.2475,0.2018,0.2591,0.189,0.1982,0.1499
7,CD11b,52,3,57,225,646,0.2845,0.2756,0.4259,0.3154,0.2755,0.2992
8,CD11b,844,9,69,415,491,0.2102,0.2019,0.2751,0.2239,0.2307,0.1476
9,CD11b,128,5,62,441,243,0.2534,0.2918,0.3773,0.3112,0.2424,0.4004
10,CD11b,304,6,68,424,894,0.2232,0.2772,0.5066,0.2541,0.3036,0.2241
11,CD11b,20,3,59,432,911,0.323,0.3774,0.3018,0.3087,0.3108,0.4015
12,CD11b,16,3,60,126,841,0.3373,0.2453,0.3089,0.2783,0.2863,0.4526
13,CD11b,105,4,68,122,851,0.2375,0.2602,0.3298,0.2263,0.2361,0.4331
14,CD11b,198,5,68,206,673,0.2052,0.2232,0.2949,0.2683,0.2442,0.3932
15,CD11b,32,3,65,127,845,0.2665,0.2511,0.3583,0.309,0.2394,0.4351
16,CD11b,59,3,68,202,726,0.2699,0.2741,0.3082,0.3521,0.4033,0.3995
17,CD11b,24,3,67,368,1002,0.233,0.2802,0.3129,0.3019,0.4193,0.2283
18,CD11b,50,3,69,244,682,0.398,0.251,0.3632,0.19,0.3129,0.3684
19,CD11b,107,4,74,171,853,0.293,0.2415,0.2736,0.2768,0.2411,0.4053
20,CD11b,12,3,68,188,863,0.2338,0.2924,0.3492,0.3702,0.2915,0.4502
21,CD11b,324,6,72,190,851,0.2043,0.2149,0.3249,0.2345,0.2183,0.2701
22,CD11b,77,4,72,205,695,0.2893,0.2376,0.2926,0.2625,0.2485,0.4126
23,CD11b,12,3,67,234,683,0.3021,0.2384,0.5404,0.2287,0.3208,0.3881
24,CD11b,8,3,70,181,755,0.3209,0.2571,0.4497,0.2279,0.2676,0.2678
25,CD11b,20,3,71,202,875,0.3778,0.3685,0.3353,0.297,0.321,0.4166
26,CD11b,8,3,70,443,222,0.3103,0.2775,0.3975,0.396,0.314,0.3473
27,CD11b,151,5,75,672,334,0.2341,0.1993,0.3241,0.2795,0.2069,0.3629
28,CD11b,16,3,73,133,1019,0.2678,0.2744,0.3367,0.2998,0.3055,0.4356
29,CD11b,12,3,73,310,653,0.2664,0.2541,0.3697,0.3197,0.322,0.191
30,CD11b,42,3,74,431,529,0.3298,0.2317,0.4436,0.2677,0.3886,0.3319
31,CD11b,38,3,76,417,257,0.3017,0.3283,0.4122,0.3472,0.2124,0.231
32,CD11b,109,4,81,676,665,0.2588,0.2234,0.3211,0.186,0.2976,0.2455
33,CD11b,65,4,80,371,616,0.2985,0.3022,0.4024,0.2086,0.2293,0.1869
34,CD11b,20,3,82,429,470,0.5072,0.3079,0.3042,0.3496,0.3387,0.4509
35,CD11b,50,3,84,646,568,0.29,0.3543,0.3764,0.2832,0.5136,0.3643
36,CD11b,110,4,86,255,1134,0.3596,0.2991,0.5071,0.2752,0.3677,0.297
37,CD11b,34,3,85,284,1195,0.2581,0.4096,0.3567,0.2929,0.2822,0.2158
38,CD11b,226,6,88,375,630,0.2136,0.252,0.3648,0.203,0.2136,0.2805
39,CD11b,12,3,86,266,741,0.2957,0.2986,0.3041,0.2141,0.314,0.3883
40,CD11b,52,3,89,341,673,0.2891,0.3433,0.3043,0.2714,0.3268,0.3604
41,CD11b,63,3,88,573,526,0.279,0.3548,0.406,0.3122,0.2966,0.4308
42,CD11b,79,4,89,638,596,0.2876,0.2457,0.3192,0.2172,0.25,0.4491
43,CD11b,348,7,96,422,418,0.2538,0.1896,0.2547,0.2349,0.1786,0.2318
44,CD11b,18,3,86,501,349,0.2813,0.3838,0.3071,0.321,0.2578,0.2889
45,CD11b,12,3,87,136,1192,0.3333,0.3664,0.375,0.2961,0.2833,0.3615
46,CD11b,26,3,88,158,776,0.2669,0.3051,0.3672,0.2626,0.2577,0.3255
47,CD11b,8,3,87,209,751,0.3275,0.3226,0.4648,0.2987,0.3454,0.2282
48,CD11b,270,6,93,667,234,0.2684,0.2704,0.2827,0.2262,0.2535,0.2158
49,CD11b,8,3,88,399,728,0.2912,0.3221,0.271,0.3325,0.3272,0.2339
50,CD11b,12,3,89,614,622,0.3126,0.2775,0.326,0.2556,0.3095,0.4612
51,CD11b,239,6,96,499,347,0.1991,0.2471,0.2957,0.2296,0.2243,0.2271
52,CD11b,37,3,91,656,383,0.2837,0.2662,0.3544,0.3257,0.2848,0.2231
53,CD11b,12,3,91,336,672,0.3027,0.356,0.3885,0.2459,0.3368,0.3256
54,CD11b,20,3,93,337,677,0.2648,0.3105,0.3226,0.274,0.2186,0.2961
55,CD11b,76,4,96,668,381,0.2695,0.2878,0.3086,0.2297,0.2411,0.2145
56,CD11b,66,4,96,490,258,0.2444,0.2915,0.3813,0.3338,0.2857,0.2454
57,CD11b,743,9,109,606,182,0.219,0.2308,0.2714,0.1939,0.2102,0.2529
58,CD11b,12,3,96,310,694,0.2954,0.3994,0.4541,0.4105,0.3088,0.3107
59,CD11b,8,3,97,453,419,0.3398,0.3352,0.3087,0.3355,0.3429,0.4026
60,CD11b,18,3,99,209,949,0.3914,0.3307,0.3515,0.257,0.2369,0.216
61,CD11b,111,4,106,569,49,0.265,0.3276,0.3882,0.2133,0.2435,0.3166
62,CD11b,44,3,103,576,178,0.2856,0.2776,0.4254,0.2684,0.2878,0.288
63,CD11b,249,6,108,650,174,0.2891,0.2408,0.3492,0.1576,0.2633,0.3648
64,CD11b,32,3,104,659,499,0.35,0.3418,0.4056,0.2807,0.2704,0.6132
65,CD11b,16,3,103,496,131,0.268,0.3068,0.3391,0.2892,0.1967,0.4687
66,CD11b,16,3,106,637,615,0.2893,0.2898,0.3494,0.2585,0.4321,0.2284
67,CD11b,54,3,114,665,498,0.2686,0.3469,0.3848,0.2428,0.2432,0.2785
68,CD11b,8,3,111,460,409,0.2621,0.3143,0.4003,0.3505,0.2488,0.3778
69,CD11b,8,3,113,425,418,0.2549,0.3126,0.3378,0.3688,0.2301,0.2929
70,CD11b,416,7,130,272,1081,0.2192,0.2476,0.3277,0.2426,0.2264,0.1943
71,CD11b,24,3,128,313,1144,0.3063,0.3323,0.3295,0.301,0.2414,0.23
72,CD11b,8,3,130,529,353,0.2973,0.3003,0.3229,0.3558,0.2824,0.3317
73,CD11b,419,7,143,526,356,0.1897,0.2433,0.2941,0.2486,0.2507,0.3084
74,CD11b,532,8,144,242,1065,0.2601,0.2337,0.5854,0.2134,0.4172,0.1808
1,CD4,405,7,25,260,1060,0.0,0.2861,0.3268,0.2082,0.0,0.0
2,CD4,3284,14,68,322,990,0.3096,0.6056,0.1722,0.1398,0.1891,0.2541
3,CD4,533,8,30,554,324,0.0,0.3215,0.462,0.1992,0.0,0.0
4,CD4,189,5,51,102,1315,0.3206,0.5853,0.3094,0.1749,0.2544,0.2551
5,CD4,1005,10,72,360,782,0.2622,0.585,0.1974,0.2009,0.2275,0.2152
6,CD4,553,8,64,403,159,0.2721,0.4757,0.292,0.2827,0.2491,0.2695
7,CD4,1865,12,103,520,513,0.1981,0.5709,0.1836,0.2047,0.1528,0.2163
8,CD4,36,3,75,98,1306,0.245,0.2646,0.3324,0.2238,0.3141,0.2075
9,CD4,428,7,83,400,580,0.2539,0.3327,0.2695,0.1944,0.2897,0.2022
10,CD4,222,6,87,111,1220,0.2681,0.2426,0.2203,0.1952,0.2228,0.2613
11,CD4,12,3,89,258,1132,0.2834,0.3884,0.6359,0.2632,0.4873,0.5956
12,CD4,300,6,101,203,1250,0.2293,0.3517,0.2303,0.2335,0.2246,0.2006
13,CD4,272,6,103,257,1130,0.2255,0.3477,0.2482,0.2624,0.2038,0.2004
14,CD4,204,5,103,464,362,0.3157,0.5861,0.2939,0.4703,0.2781,0.2663
15,CD4,12,3,95,164,1130,0.3068,0.3649,0.2936,0.2559,0.2274,0.2966
16,CD4,76,4,111,123,592,0.3771,0.5277,0.3454,0.4258,0.4093,0.3553
17,CD4,16,3,119,246,1122,0.2853,0.3377,0.2947,0.2551,0.3972,0.2535
18,CD4,162,5,129,250,1129,0.2362,0.253,0.2475,0.2413,0.2538,0.2728
19,CD4,8,3,126,236,1137,0.3021,0.3431,0.3204,0.3289,0.2621,0.2873
20,CD4,18,3,127,243,1131,0.3629,0.3596,0.2932,0.3347,0.3762,0.2405
21,CD4,451,7,146,494,7,0.2765,0.615,0.3024,0.3946,0.2742,0.0
22,CD4,362,7,153,82,616,0.3478,0.6255,0.2799,0.4312,0.2949,0.4572
1,CD11c,72,4,57,152,565,0.2581,0.253,0.3285,0.2569,0.4702,0.6717
2,CD11c,32,3,60,156,764,0.3411,0.369,0.3031,0.2377,0.4804,0.3539
3,CD11c,95,4,63,64,1273,0.2764,0.2399,0.3013,0.2636,0.2969,0.2534
4,CD11c,38,3,62,488,202,0.3148,0.3358,0.3148,0.3167,0.3024,0.2614
5,CD11c,52,3,64,65,1309,0.3335,0.3226,0.3038,0.3487,0.3624,0.3812
6,CD11c,155,5,66,69,1238,0.267,0.223,0.2495,0.1927,0.4023,0.3243
7,CD11c,38,3,65,71,1326,0.3358,0.3559,0.2554,0.3812,0.2579,0.3308
8,CD11c,142,5,67,89,1235,0.1779,0.251,0.2592,0.1758,0.3233,0.2428
9,CD11c,56,3,66,410,339,0.2829,0.3221,0.2769,0.2681,0.2319,0.2588
10,CD11c,251,6,71,321,993,0.4279,0.6623,0.2521,0.2092,0.2153,0.1851
11,CD11c,171,5,72,171,870,0.3053,0.2136,0.2375,0.1937,0.2833,0.2308
12,CD11c,8,3,68,202,1293,0.3065,0.3361,0.3739,0.2603,0.4018,0.3495
13,CD11c,20,3,69,371,447,0.3394,0.3145,0.2941,0.3008,0.4893,0.2892
14,CD11c,519,8,79,385,610,0.2779,0.2407,0.1886,0.279,0.3463,0.2919
15,CD11c,114,4,72,409,882,0.2726,0.2775,0.2807,0.2219,0.2565,0.3021
16,CD11c,8,3,69,195,793,0.3861,0.3675,0.3364,0.2389,0.4693,0.2279
17,CD11c,20,3,72,420,377,0.3505,0.2836,0.2621,0.2491,0.4996,0.2415
18,CD11c,334,6,81,275,1088,0.1891,0.2025,0.2992,0.1847,0.2575,0.1851
19,CD11c,96,4,78,487,240,0.2816,0.2725,0.2949,0.3211,0.3954,0.2393
20,CD11c,60,3,84,343,761,0.3014,0.296,0.3416,0.3015,0.4386,0.2649
21,CD11c,12,3,81,411,877,0.3822,0.3263,0.2614,0.2547,0.3419,0.2937
22,CD11c,24,3,84,348,741,0.308,0.2461,0.3436,0.2583,0.2901,0.3317
23,CD11c,28,3,87,407,464,0.3401,0.3665,0.2463,0.2641,0.4145,0.2691
24,CD11c,340,6,95,578,287,0.2141,0.286,0.2156,0.2511,0.2404,0.2097
25,CD11c,44,3,93,677,574,0.2979,0.3521,0.3054,0.2975,0.3804,0.3154
26,CD11c,56,3,95,451,355,0.261,0.3577,0.4412,0.155,0.5019,0.2294
27,CD11c,184,5,115,398,248,0.2911,0.2301,0.2728,0.1643,0.3616,0.2259
28,CD11c,2283,13,159,78,782,0.2184,0.1777,0.2631,0.2035,0.4897,0.3424
29,CD11c,24,3,149,242,1065,0.3628,0.598,0.5595,0.4152,0.5069,0.4015
30,CD11c,22,3,155,511,149,0.3053,0.2399,0.3015,0.2425,0.27,0.2826
1,Catalase,229,6,45,365,356,0.2685,0.2318,0.2556,0.23,0.2237,0.3642
2,Catalase,118,4,55,407,496,0.215,0.3154,0.3148,0.2526,0.3109,0.5456
3,Catalase,26,3,57,99,927,0.3266,0.3585,0.343,0.3871,0.3201,0.5947
4,Catalase,331,6,65,350,1286,0.2233,0.2592,0.3297,0.2122,0.2952,0.6729
5,Catalase,486,7,71,411,505,0.2838,0.2252,0.2801,0.2016,0.2218,0.252
6,Catalase,24,3,58,102,879,0.266,0.315,0.2185,0.2438,0.3463,0.5125
7,Catalase,70,4,59,233,715,0.2309,0.2901,0.2831,0.2754,0.2815,0.4078
8,Catalase,202,5,70,413,496,0.2509,0.2142,0.256,0.2579,0.2574,0.3441
9,Catalase,686,8,73,313,980,0.2513,0.1841,0.2098,0.1562,0.1992,0.2972
10,Catalase,954,9,85,271,1074,0.2182,0.1938,0.4571,0.1837,0.2747,0.3362
11,Catalase,462,7,72,279,1144,0.2349,0.1868,0.2436,0.2333,0.2601,0.3528
12,Catalase,1022,10,79,346,929,0.2083,0.2127,0.2115,0.1597,0.1959,0.4001
13,Catalase,1278,10,83,365,942,0.1687,0.2047,0.1755,0.2679,0.1929,0.3134
14,Catalase,74,4,71,122,851,0.2471,0.2625,0.364,0.2222,0.2494,0.4569
15,Catalase,568,8,78,305,996,0.2236,0.2182,0.226,0.185,0.2401,0.5767
16,Catalase,71,4,73,221,1002,0.3025,0.3122,0.2947,0.2267,0.3033,0.4239
17,Catalase,569,8,80,388,726,0.2436,0.223,0.1628,0.2476,0.2665,0.3758
18,Catalase,12,3,72,151,818,0.3156,0.3129,0.3212,0.29,0.3177,0.1727
19,Catalase,695,8,87,348,913,0.2099,0.2517,0.1798,0.214,0.1887,0.2217
20,Catalase,955,9,88,258,1112,0.2748,0.231,0.1668,0.2004,0.2247,0.3546
21,Catalase,139,5,80,271,712,0.2302,0.2063,0.2298,0.1556,0.2567,0.3885
22,Catalase,580,8,89,277,1097,0.2017,0.2418,0.2262,0.1563,0.2328,0.2734
23,Catalase,273,6,83,415,689,0.2331,0.2253,0.2067,0.2738,0.2591,0.5042
24,Catalase,28,3,79,277,1056,0.3229,0.2574,0.2999,0.3277,0.3941,0.4475
25,Catalase,325,6,87,294,1023,0.2772,0.1978,0.235,0.2285,0.2822,0.3751
26,Catalase,535,8,87,368,759,0.1888,0.232,0.1978,0.1677,0.2501,0.3152
27,Catalase,277,6,85,601,163,0.3041,0.2383,0.2248,0.1381,0.2346,0.439
28,Catalase,647,8,93,681,390,0.2184,0.2125,0.2265,0.1459,0.2493,0.3782
29,Catalase,467,7,90,374,837,0.2166,0.2202,0.2129,0.2464,0.2231,0.3488
30,Catalase,195,5,89,179,1099,0.2851,0.2438,0.2623,0.221,0.3142,0.3815
31,Catalase,8,3,82,243,1145,0.2629,0.2512,0.2515,0.2628,0.3446,0.4495
32,Catalase,77,4,85,354,720,0.2854,0.2751,0.2531,0.2437,0.2665,0.5156
33,Catalase,6495,18,116,410,79,0.2262,0.1838,0.181,0.2268,0.1817,0.3552
34,Catalase,90,4,86,412,797,0.2263,0.3193,0.2597,0.2616,0.2842,0.2255
35,Catalase,339,6,92,357,749,0.2289,0.2974,0.2659,0.1745,0.2066,0.3999
36,Catalase,448,7,90,377,757,0.2314,0.2384,0.1989,0.1461,0.2353,0.2806
37,Catalase,169,5,93,437,109,0.3383,0.2359,0.3309,0.2574,0.3159,0.6542
38,Catalase,281,6,90,486,416,0.2703,0.2488,0.2388,0.2126,0.267,0.4029
39,Catalase,26,3,87,186,1274,0.3074,0.3645,0.3101,0.222,0.4391,0.598
40,Catalase,356,7,91,442,647,0.2743,0.2824,0.2737,0.3118,0.2122,0.3314
41,Catalase,213,5,93,547,345,0.3521,0.2188,0.2613,0.2654,0.2267,0.5016
42,Catalase,42,3,87,597,67,0.2734,0.259,0.332,0.3179,0.2779,0.5538
43,Catalase,394,7,93,227,1232,0.2289,0.1854,0.1968,0.2031,0.2409,0.4006
44,Catalase,40,3,88,610,169,0.2898,0.3183,0.239,0.4007,0.319,0.5134
45,Catalase,388,7,96,274,807,0.217,0.2441,0.2247,0.1736,0.2527,0.345
46,Catalase,388,7,97,286,770,0.245,0.2321,0.2435,0.1853,0.2125,0.3537
47,Catalase,429,7,102,494,974,0.2306,0.2531,0.2004,0.2533,0.214,0.2845
48,Catalase,245,6,93,538,163,0.2474,0.2418,0.3305,0.2675,0.2281,0.4138
49,Catalase,323,6,96,383,878,0.2866,0.2505,0.2263,0.2456,0.2707,0.3758
50,Catalase,8,3,90,307,761,0.3129,0.2824,0.3149,0.2032,0.4033,0.2724
51,Catalase,8,3,90,400,726,0.2923,0.2426,0.2562,0.3384,0.2955,0.4138
52,Catalase,417,7,99,601,350,0.2483,0.2609,0.2018,0.195,0.258,0.3254
53,Catalase,57,3,95,355,770,0.3707,0.2382,0.2955,0.2536,0.257,0.434
54,Catalase,16,3,93,515,213,0.298,0.3229,0.2991,0.2917,0.2494,0.4785
55,Catalase,48,3,97,319,725,0.2916,0.282,0.2703,0.2689,0.3162,0.2406
56,Catalase,164,5,98,611,176,0.2442,0.284,0.2908,0.255,0.2443,0.4509
57,Catalase,157,5,100,641,132,0.2989,0.2629,0.2247,0.2741,0.2122,0.4629
58,Catalase,96,4,100,650,130,0.2762,0.2726,0.291,0.3381,0.2273,0.5015
59,Catalase,444,7,109,488,604,0.2283,0.1897,0.2303,0.2647,0.2442,0.3816
60,Catalase,335,6,103,535,400,0.2337,0.2443,0.2319,0.2419,0.2491,0.2772
61,Catalase,101,4,101,315,850,0.2834,0.2087,0.217,0.2634,0.2548,0.3742
62,Catalase,16,3,98,607,162,0.3442,0.3638,0.3193,0.2876,0.2788,0.5425
63,Catalase,309,6,111,170,1101,0.2464,0.2403,0.2471,0.1912,0.2136,0.3009
64,Catalase,79,4,103,573,108,0.2662,0.2273,0.2843,0.3238,0.2953,0.4496
65,Catalase,326,6,109,314,864,0.2275,0.2266,0.2154,0.2682,0.2424,0.3303
66,Catalase,444,7,109,575,273,0.3352,0.2234,0.1932,0.1787,0.2216,0.34
67,Catalase,8,3,101,187,1007,0.313,0.248,0.3257,0.2732,0.2562,0.5327
68,Catalase,123,4,108,543,380,0.2593,0.2457,0.2279,0.29,0.2564,0.3245
69,Catalase,215,5,109,682,115,0.254,0.2995,0.395,0.2936,0.0,0.2813
70,Catalase,85,4,109,166,1108,0.2199,0.3362,0.2238,0.1929,0.221,0.3467
71,Catalase,14,3,104,293,785,0.268,0.3829,0.2782,0.3258,0.3041,0.4314
72,Catalase,1098,10,114,328,880,0.2219,0.206,0.17,0.1672,0.1983,0.2817
73,Catalase,86,4,109,349,969,0.2385,0.2844,0.2716,0.2588,0.2541,0.3734
74,Catalase,38,3,106,661,176,0.3337,0.2932,0.2755,0.2855,0.3178,0.5087
75,Catalase,309,6,114,663,127,0.2314,0.2365,0.2369,0.1738,0.2412,0.3321
76,Catalase,8,3,105,219,1049,0.2779,0.3633,0.2899,0.2907,0.2422,0.4677
77,Catalase,12,3,106,358,747,0.3446,0.3576,0.2652,0.209,0.3553,0.4577
78,Catalase,328,6,114,637,198,0.2493,0.2149,0.2179,0.2376,0.2518,0.4488
79,Catalase,247,6,117,267,1063,0.2396,0.2148,0.2462,0.2396,0.2077,0.3824
80,Catalase,342,6,118,320,861,0.2226,0.2216,0.2012,0.2197,0.2444,0.3233
81,Catalase,94,4,114,299,1021,0.2862,0.2476,0.2752,0.2377,0.2313,0.4086
82,Catalase,80,4,116,343,719,0.2419,0.2504,0.1916,0.2684,0.2563,0.3256
83,Catalase,331,6,118,629,689,0.2707,0.0,0.1867,0.0,0.2908,0.3659
84,Catalase,67,4,115,309,1074,0.2741,0.2797,0.6781,0.245,0.2144,0.3883
85,Catalase,140,5,126,316,829,0.2835,0.1943,0.191,0.2583,0.202,0.3837
86,Catalase,193,5,128,349,971,0.2711,0.222,0.2636,0.2062,0.2454,0.4956
87,Catalase,28,3,124,230,1087,0.2653,0.3708,0.369,0.2502,0.3121,0.426
88,Catalase,16,3,125,299,1016,0.3008,0.2927,0.3226,0.2144,0.2941,0.4428
89,Catalase,400,7,137,318,843,0.248,0.2035,0.1955,0.1642,0.1959,0.3645
90,Catalase,189,5,129,335,775,0.2488,0.2687,0.2448,0.2005,0.2469,0.3624
91,Catalase,83,4,127,342,736,0.2899,0.2774,0.2347,0.1843,0.2362,0.3943
92,Catalase,393,7,132,384,860,0.2303,0.1761,0.2095,0.284,0.2033,0.3135
93,Catalase,85,4,128,227,1044,0.262,0.2802,0.2285,0.3133,0.2292,0.4475
94,Catalase,246,6,132,208,1008,0.1762,0.2064,0.2111,0.188,0.2337,0.3058
95,Catalase,26,3,129,342,713,0.3125,0.3211,0.3335,0.2916,0.2983,0.4029
96,Catalase,174,5,134,222,1008,0.199,0.2419,0.2384,0.1586,0.2124,0.3306
97,Catalase,8,3,129,471,496,0.3275,0.3391,0.234,0.3362,0.2787,0.3537
98,Catalase,39,3,132,389,850,0.3708,0.3281,0.3203,0.2579,0.31,0.449
99,Catalase,28,3,134,595,383,0.2892,0.2921,0.3222,0.3637,0.2888,0.3776
100,Catalase,20,3,136,390,858,0.2387,0.4199,0.2498,0.2933,0.3013,0.359
101,Catalase,16,3,141,415,651,0.2507,0.2956,0.225,0.2708,0.2563,0.4455
102,Catalase,16,3,141,583,316,0.2849,0.3324,0.2892,0.19,0.3037,0.3569
103,Catalase,28,3,143,333,779,0.2438,0.3208,0.2188,0.36,0.2267,0.4581
104,Catalase,71,4,147,224,1201,0.2765,0.2944,0.3651,0.2526,0.3136,0.5973
105,Catalase,40,3,147,386,815,0.3217,0.3139,0.2486,0.2814,0.3214,0.3777
106,Catalase,8,3,149,321,824,0.3054,0.2969,0.1921,0.3483,0.384,0.378
107,Catalase,78,4,156,445,60,0.3575,0.2783,0.6444,0.4386,0.3922,0.4499
