cell_id,z,y,x,CD31,CD20,CD11b,CD4,CD11c,Catalase,marker
CD11b_1,38,285,1087,0.0,0.6074,0.3491,0.4041,0.0,0.0,CD11b
CD11b_10,68,424,894,0.2745,0.4185,0.5066,0.3041,0.3614,0.333,CD11b
CD11b_11,59,432,911,0.3972,0.5698,0.3018,0.3694,0.37,0.5967,CD11b
CD11b_12,60,126,841,0.4148,0.3704,0.3089,0.333,0.3408,0.6726,CD11b
CD11b_13,68,122,851,0.2921,0.3929,0.3298,0.2708,0.2811,0.6436,CD11b
CD11b_14,68,206,673,0.2523,0.337,0.2949,0.321,0.2907,0.5843,CD11b
CD11b_15,65,127,845,0.3277,0.3791,0.3583,0.3697,0.285,0.6466,CD11b
CD11b_16,68,202,726,0.3319,0.4139,0.3082,0.4213,0.4801,0.5937,CD11b
CD11b_17,67,368,1002,0.2865,0.4231,0.3129,0.3613,0.4992,0.3393,CD11b
CD11b_18,69,244,682,0.4894,0.379,0.3632,0.2274,0.3725,0.5475,CD11b
CD11b_19,74,171,853,0.3603,0.3646,0.2736,0.3312,0.287,0.6023,CD11b
CD11b_2,50,355,387,0.3485,0.3311,0.5466,0.2879,0.3486,0.4598,CD11b
CD11b_20,68,188,863,0.2875,0.4415,0.3492,0.443,0.347,0.669,CD11b
CD11b_21,72,190,851,0.2512,0.3245,0.3249,0.2806,0.2599,0.4014,CD11b
CD11b_22,72,205,695,0.3558,0.3587,0.2926,0.3141,0.2958,0.6132,CD11b
CD11b_23,67,234,683,0.3715,0.36,0.5404,0.2737,0.3819,0.5768,CD11b
CD11b_24,70,181,755,0.3946,0.3882,0.4497,0.2727,0.3186,0.398,CD11b
CD11b_25,71,202,875,0.4646,0.5564,0.3353,0.3554,0.3821,0.6191,CD11b
CD11b_26,70,443,222,0.3816,0.419,0.3975,0.4739,0.3738,0.5161,CD11b
CD11b_27,75,672,334,0.2879,0.3009,0.3241,0.3345,0.2463,0.5393,CD11b
CD11b_28,73,133,1019,0.3293,0.4143,0.3367,0.3587,0.3637,0.6473,CD11b
CD11b_29,73,310,653,0.3276,0.3837,0.3697,0.3826,0.3833,0.2838,CD11b
CD11b_3,84,272,1083,0.3168,0.2688,0.3696,0.1974,0.2673,0.299,CD11b
CD11b_30,74,431,529,0.4056,0.3498,0.4436,0.3203,0.4626,0.4932,CD11b
CD11b_31,76,417,257,0.371,0.4957,0.4122,0.4155,0.2529,0.3433,CD11b
CD11b_32,81,676,665,0.3182,0.3373,0.3211,0.2226,0.3543,0.3648,CD11b
CD11b_33,80,371,616,0.3671,0.4563,0.4024,0.2496,0.273,0.2778,CD11b
CD11b_34,82,429,470,0.6237,0.4649,0.3042,0.4183,0.4032,0.6701,CD11b
CD11b_35,84,646,568,0.3566,0.535,0.3764,0.3389,0.6114,0.5414,CD11b
CD11b_36,86,255,1134,0.4422,0.4516,0.5071,0.3293,0.4377,0.4414,CD11b
CD11b_37,85,284,1195,0.3174,0.6185,0.3567,0.3505,0.336,0.3207,CD11b
CD11b_38,88,375,630,0.2627,0.3805,0.3648,0.2429,0.2543,0.4169,CD11b
CD11b_39,86,266,741,0.3636,0.4509,0.3041,0.2562,0.3738,0.5771,CD11b
CD11b_4,60,418,521,0.3096,0.3421,0.2704,0.3072,0.2843,0.2761,CD11b
CD11b_40,89,341,673,0.3555,0.5183,0.3043,0.3248,0.389,0.5356,CD11b
CD11b_41,88,573,526,0.3431,0.5357,0.406,0.3736,0.3531,0.6402,CD11b
CD11b_42,89,638,596,0.3537,0.371,0.3192,0.2599,0.2976,0.6674,CD11b
CD11b_43,96,422,418,0.3121,0.2863,0.2547,0.2811,0.2126,0.3445,CD11b
CD11b_44,86,501,349,0.3459,0.5795,0.3071,0.3841,0.3069,0.4293,CD11b
CD11b_45,87,136,1192,0.4099,0.5532,0.375,0.3543,0.3373,0.5372,CD11b
CD11b_46,88,158,776,0.3282,0.4607,0.3672,0.3142,0.3068,0.4837,CD11b
CD11b_47,87,209,751,0.4027,0.4871,0.4648,0.3574,0.4112,0.3391,CD11b
CD11b_48,93,667,234,0.3301,0.4083,0.2827,0.2707,0.3018,0.3207,CD11b
CD11b_49,88,399,728,0.3581,0.4863,0.271,0.3979,0.3895,0.3476,CD11b
CD11b_5,59,109,864,0.3351,0.3027,0.2854,0.2497,0.268,0.4277,CD11b
CD11b_50,89,614,622,0.3844,0.419,0.326,0.3059,0.3685,0.6854,CD11b
CD11b_51,96,499,347,0.2448,0.3731,0.2957,0.2747,0.267,0.3375,CD11b
CD11b_52,91,656,383,0.3489,0.4019,0.3544,0.3897,0.339,0.3316,CD11b
CD11b_53,91,336,672,0.3722,0.5375,0.3885,0.2942,0.401,0.4839,CD11b
CD11b_54,93,337,677,0.3256,0.4688,0.3226,0.3279,0.2602,0.44,CD11b
CD11b_55,96,668,381,0.3314,0.4345,0.3086,0.2749,0.287,0.3188,CD11b
CD11b_56,96,490,258,0.3005,0.4401,0.3813,0.3994,0.3401,0.3647,CD11b
CD11b_57,109,606,182,0.2693,0.3485,0.2714,0.232,0.2502,0.3758,CD11b
CD11b_58,96,310,694,0.3633,0.603,0.4541,0.4912,0.3676,0.4617,CD11b
CD11b_59,97,453,419,0.4179,0.5061,0.3087,0.4015,0.4082,0.5983,CD11b
CD11b_6,70,413,503,0.3044,0.3047,0.2591,0.2262,0.236,0.2228,CD11b
CD11b_60,99,209,949,0.4813,0.4993,0.3515,0.3075,0.282,0.321,CD11b
CD11b_61,106,569,49,0.3259,0.4946,0.3882,0.2552,0.2899,0.4705,CD11b
CD11b_62,103,576,178,0.3512,0.4191,0.4254,0.3212,0.3426,0.428,CD11b
CD11b_63,108,650,174,0.3555,0.3636,0.3492,0.1886,0.3135,0.5421,CD11b
CD11b_64,104,659,499,0.4304,0.5161,0.4056,0.3359,0.3219,0.9113,CD11b
CD11b_65,103,496,131,0.3296,0.4632,0.3391,0.3461,0.2342,0.6965,CD11b
CD11b_66,106,637,615,0.3558,0.4376,0.3494,0.3093,0.5144,0.3394,CD11b
CD11b_67,114,665,498,0.3303,0.5238,0.3848,0.2905,0.2895,0.4139,CD11b
CD11b_68,111,460,409,0.3223,0.4746,0.4003,0.4194,0.2962,0.5615,CD11b
CD11b_69,113,425,418,0.3135,0.472,0.3378,0.4413,0.2739,0.4353,CD11b
CD11b_7,57,225,646,0.3499,0.4161,0.4259,0.3774,0.328,0.4446,CD11b
CD11b_70,130,272,1081,0.2696,0.3738,0.3277,0.2903,0.2695,0.2888,CD11b
CD11b_71,128,313,1144,0.3767,0.5017,0.3295,0.3602,0.2874,0.3418,CD11b
CD11b_72,130,529,353,0.3656,0.4534,0.3229,0.4258,0.3362,0.4929,CD11b
CD11b_73,143,526,356,0.2333,0.3674,0.2941,0.2975,0.2985,0.4583,CD11b
CD11b_74,144,242,1065,0.3198,0.3529,0.5854,0.2554,0.4967,0.2687,CD11b
CD11b_8,69,415,491,0.2585,0.3048,0.2751,0.2679,0.2746,0.2193,CD11b
CD11b_9,62,441,243,0.3116,0.4406,0.3773,0.3724,0.2886,0.595,CD11b
CD11c_1,57,152,565,0.3174,0.382,0.3285,0.3074,0.5598,0.9982,CD11c
CD11c_10,71,321,993,0.5262,1.0,0.2521,0.2503,0.2563,0.2751,CD11c
CD11c_11,72,171,870,0.3754,0.3225,0.2375,0.2318,0.3373,0.343,CD11c
CD11c_12,68,202,1293,0.3769,0.5075,0.3739,0.3115,0.4783,0.5194,CD11c
CD11c_13,69,371,447,0.4174,0.4749,0.2941,0.3599,0.5825,0.4298,CD11c
CD11c_14,79,385,610,0.3417,0.3634,0.1886,0.3339,0.4123,0.4338,CD11c
CD11c_15,72,409,882,0.3352,0.419,0.2807,0.2655,0.3054,0.449,CD11c
CD11c_16,69,195,793,0.4748,0.5549,0.3364,0.2859,0.5587,0.3387,CD11c
CD11c_17,72,420,377,0.431,0.4282,0.2621,0.2981,0.5948,0.3589,CD11c
CD11c_18,81,275,1088,0.2325,0.3058,0.2992,0.221,0.3065,0.2751,CD11c
CD11c_19,78,487,240,0.3463,0.4114,0.2949,0.3842,0.4707,0.3556,CD11c
CD11c_2,60,156,764,0.4195,0.5571,0.3031,0.2844,0.5719,0.5259,CD11c
CD11c_20,84,343,761,0.3706,0.4469,0.3416,0.3608,0.5221,0.3937,CD11c
CD11c_21,81,411,877,0.47,0.4927,0.2614,0.3048,0.407,0.4365,CD11c
CD11c_22,84,348,741,0.3788,0.3716,0.3436,0.3091,0.3454,0.4929,CD11c
CD11c_23,87,407,464,0.4182,0.5534,0.2463,0.316,0.4935,0.3999,CD11c
CD11c_24,95,578,287,0.2633,0.4318,0.2156,0.3005,0.2862,0.3116,CD11c
CD11c_25,93,677,574,0.3663,0.5316,0.3054,0.356,0.4529,0.4687,CD11c
CD11c_26,95,451,355,0.321,0.5401,0.4412,0.1855,0.5975,0.3409,CD11c
CD11c_27,115,398,248,0.358,0.3474,0.2728,0.1966,0.4305,0.3357,CD11c
CD11c_28,159,78,782,0.2686,0.2683,0.2631,0.2435,0.583,0.5088,CD11c
CD11c_29,149,242,1065,0.4461,0.9029,0.5595,0.4968,0.6035,0.5967,CD11c
CD11c_3,63,64,1273,0.3399,0.3622,0.3013,0.3154,0.3535,0.3766,CD11c
CD11c_30,155,511,149,0.3754,0.3622,0.3015,0.2902,0.3214,0.42,CD11c
CD11c_4,62,488,202,0.3871,0.507,0.3148,0.379,0.36,0.3885,CD11c
CD11c_5,64,65,1309,0.4101,0.4871,0.3038,0.4173,0.4314,0.5665,CD11c
CD11c_6,66,69,1238,0.3283,0.3367,0.2495,0.2306,0.4789,0.4819,CD11c
CD11c_7,65,71,1326,0.4129,0.5374,0.2554,0.4561,0.307,0.4916,CD11c
CD11c_8,67,89,1235,0.2188,0.379,0.2592,0.2104,0.3849,0.3608,CD11c
CD11c_9,66,410,339,0.3479,0.4863,0.2769,0.3208,0.2761,0.3846,CD11c
CD20_1,28,554,324,0.0,0.9422,0.0,0.3833,0.0,0.0,CD20
CD20_10,62,642,52,0.4156,0.3533,0.2634,0.3354,0.3444,0.369,CD20
CD20_100,78,321,754,0.3471,0.4945,0.2884,0.4821,0.3173,0.44,CD20
CD20_101,79,370,632,0.346,0.5365,0.3237,0.3543,0.2777,0.443,CD20
CD20_102,89,177,1181,0.2212,0.294,0.1949,0.23,0.2771,0.2905,CD20
CD20_103,86,205,1148,0.2511,0.3705,0.1626,0.2964,0.3413,0.3639,CD20
CD20_104,82,210,1243,0.3931,0.4658,0.293,0.4144,0.3063,0.3843,CD20
CD20_105,81,213,1166,0.3931,0.5023,0.3341,0.4929,0.3327,0.501,CD20
CD20_106,82,219,888,0.3169,0.4223,0.244,0.3196,0.2974,0.358,CD20
CD20_107,88,242,1036,0.3103,0.2904,0.2311,0.283,0.37,0.3555,CD20
CD20_108,86,397,751,0.3267,0.3651,0.2429,0.2944,0.3093,0.7478,CD20
CD20_109,81,408,560,0.3109,0.352,0.3736,0.3518,0.4519,0.4616,CD20
CD20_11,65,113,1333,0.556,0.4794,0.3223,0.3398,0.3083,0.3791,CD20
CD20_110,82,508,640,0.3264,0.4474,0.2088,0.3297,0.3625,0.3002,CD20
CD20_111,97,593,155,0.3936,0.3384,0.1712,0.2594,0.2446,0.4588,CD20
CD20_112,82,678,419,0.3608,0.4502,0.35,0.4286,0.4437,0.6508,CD20
CD20_113,100,679,36,0.2561,0.371,0.1642,0.2575,0.2538,0.3231,CD20
CD20_114,81,685,425,0.5255,0.5035,0.0,0.337,0.0,0.3651,CD20
CD20_115,82,133,1128,0.2865,0.4071,0.3896,0.2929,0.4417,0.5087,CD20
CD20_116,82,181,1253,0.3148,0.5392,0.266,0.3014,0.4152,0.4264,CD20
CD20_117,87,276,707,0.5155,0.4036,0.2659,0.286,0.2606,0.4947,CD20
CD20_118,88,317,1006,0.3178,0.329,0.2497,0.2698,0.2785,0.2439,CD20
CD20_119,83,325,631,0.336,0.425,0.2893,0.379,0.2929,0.4253,CD20
CD20_12,63,327,1134,0.3865,0.5399,0.3072,0.4132,0.4412,0.3886,CD20
CD20_120,87,408,445,0.2667,0.3474,0.2189,0.2576,0.3296,0.4039,CD20
CD20_121,85,436,453,0.4545,0.5285,0.2209,0.3187,0.3631,0.4246,CD20
CD20_122,89,561,224,0.3845,0.4394,0.2553,0.305,0.3157,0.3529,CD20
CD20_123,82,588,20,0.3657,0.4261,0.3754,0.3337,0.3889,0.454,CD20
CD20_124,81,83,1303,0.3661,0.4213,0.2043,0.3213,0.3186,0.3919,CD20
CD20_125,82,87,1214,0.259,0.4875,0.2708,0.4103,0.4881,0.3417,CD20
CD20_126,85,156,1033,0.266,0.3669,0.2914,0.3245,0.2995,0.3796,CD20
CD20_127,83,172,1104,0.3614,0.4948,0.2561,0.3014,0.3081,0.6442,CD20
CD20_128,85,173,1248,0.3763,0.4803,0.271,0.3141,0.2912,0.3727,CD20
CD20_129,84,286,1029,0.3647,0.4406,0.2585,0.3713,0.3193,0.3512,CD20
CD20_13,64,140,1109,0.3754,0.3995,0.2509,0.3504,0.2857,0.6723,CD20
CD20_130,84,142,1043,0.3705,0.5738,0.2632,0.4691,0.2829,0.403,CD20
CD20_131,83,236,1143,0.3794,0.5039,0.3179,0.4266,0.3355,0.6841,CD20
CD20_132,94,589,289,0.3385,0.3591,0.1888,0.2303,0.3483,0.4067,CD20
CD20_133,83,254,1096,0.357,0.4483,0.3855,0.4084,0.4869,0.3128,CD20
CD20_134,86,267,798,0.3676,0.4006,0.4485,0.2938,0.431,0.358,CD20
CD20_135,97,525,377,0.3858,0.3672,0.2505,0.2609,0.2821,0.4277,CD20
CD20_136,86,603,281,0.3733,0.4119,0.3453,0.2892,0.459,0.5014,CD20
CD20_137,83,674,373,0.311,0.3128,0.2488,0.3367,0.3435,0.3347,CD20
CD20_138,90,127,1212,0.2641,0.3903,0.2736,0.2704,0.2648,0.2898,CD20
CD20_139,86,130,1116,0.4373,0.465,0.2367,0.3373,0.3351,0.3174,CD20
CD20_14,66,148,1327,0.283,0.4931,0.2621,0.3406,0.3137,0.4403,CD20
CD20_140,86,130,1132,0.2962,0.5458,0.3064,0.2733,0.3475,0.3125,CD20
CD20_141,91,139,1230,0.3035,0.3237,0.2603,0.2745,0.2993,0.3127,CD20
CD20_142,85,151,1221,0.393,0.4832,0.3253,0.3696,0.312,0.3614,CD20
CD20_143,86,154,1327,0.372,0.5173,0.2482,0.3285,0.3129,0.3654,CD20
CD20_144,85,157,1072,0.4174,0.3815,0.3028,0.3383,0.3957,0.5724,CD20
CD20_145,90,198,1009,0.2549,0.4053,0.23,0.2543,0.284,0.3359,CD20
CD20_146,84,229,920,0.4266,0.4589,0.4328,0.3626,0.2881,0.6066,CD20
CD20_147,86,237,897,0.4032,0.3966,0.2991,0.4289,0.3557,0.5548,CD20
CD20_148,85,298,1017,0.3555,0.3743,0.373,0.3628,0.3429,0.3672,CD20
CD20_149,90,347,766,0.373,0.3612,0.2486,0.3659,0.4388,0.3073,CD20
CD20_15,62,268,1125,0.4887,0.494,0.2664,0.2549,0.3363,0.4258,CD20
CD20_150,86,643,554,0.4357,0.4807,0.3254,0.3523,0.343,0.4819,CD20
CD20_151,84,670,50,0.3317,0.4909,0.2796,0.3595,0.3905,0.39,CD20
CD20_152,85,57,1298,0.366,0.4735,0.2886,0.3986,0.4304,0.5042,CD20
CD20_153,85,142,1022,0.3182,0.3858,0.2323,0.4188,0.2858,0.5276,CD20
CD20_154,85,168,1330,0.3644,0.4432,0.2879,0.3747,0.3526,0.3848,CD20
CD20_155,92,192,955,0.346,0.3883,0.3627,0.3702,0.408,0.3186,CD20
CD20_156,86,196,1159,0.2783,0.4792,0.2489,0.3546,0.3782,0.3414,CD20
CD20_157,92,209,1032,0.2908,0.2816,0.2044,0.2331,0.2964,0.2996,CD20
CD20_158,87,221,1023,0.3115,0.4702,0.2869,0.4089,0.2935,0.3882,CD20
CD20_159,86,231,1220,0.3398,0.4821,0.3445,0.395,0.3785,0.6167,CD20
CD20_16,71,642,59,0.243,0.3296,0.2026,0.2654,0.2792,0.3402,CD20
CD20_160,88,261,738,0.3056,0.502,0.3239,0.3894,0.336,0.3231,CD20
CD20_161,85,261,812,0.3689,0.4711,0.3093,0.3524,0.2612,0.4293,CD20
CD20_162,90,338,755,0.2316,0.4093,0.2247,0.2518,0.3276,0.2559,CD20
CD20_163,86,390,535,0.376,0.3985,0.2781,0.3648,0.4456,0.3159,CD20
CD20_164,85,511,638,0.347,0.3421,0.2429,0.4599,0.3232,0.3197,CD20
CD20_165,91,543,317,0.4438,0.5487,0.3167,0.2773,0.3964,0.5133,CD20
CD20_166,102,564,237,0.3962,0.3948,0.165,0.2183,0.2543,0.2455,CD20
CD20_167,86,580,92,0.4356,0.4376,0.3252,0.24,0.4129,0.3629,CD20
CD20_168,85,589,18,0.4552,0.5028,0.2983,0.3665,0.3254,0.5322,CD20
CD20_169,86,667,56,0.3362,0.4386,0.288,0.4024,0.4027,0.3892,CD20
CD20_17,80,79,1306,0.3034,0.3047,0.1579,0.3153,0.2864,0.2723,CD20
CD20_170,85,676,366,0.3992,0.4216,0.2901,0.4762,0.4554,0.4439,CD20
CD20_171,93,144,1053,0.3163,0.3912,0.2483,0.3122,0.3314,0.272,CD20
CD20_172,91,183,1256,0.3229,0.4167,0.3152,0.3097,0.25,0.3274,CD20
CD20_173,88,233,1198,0.3633,0.4348,0.2842,0.2946,0.5494,0.2885,CD20
CD20_174,86,257,979,0.3826,0.3754,0.2577,0.4076,0.3179,0.4794,CD20
CD20_175,86,258,918,0.3914,0.3911,0.3896,0.345,0.352,0.4553,CD20
CD20_176,89,264,1128,0.3116,0.2765,0.2975,0.3537,0.3679,0.3158,CD20
CD20_177,89,332,759,0.395,0.4703,0.2892,0.3397,0.3133,0.4643,CD20
CD20_178,86,361,734,0.3214,0.4971,0.3222,0.4265,0.2621,0.3907,CD20
CD20_179,86,554,69,0.5071,0.4185,0.289,0.3327,0.3674,0.3425,CD20
CD20_18,75,122,1262,0.2237,0.3332,0.2514,0.2665,0.2374,0.2656,CD20
CD20_180,87,596,27,0.4388,0.4785,0.2819,0.4199,0.3538,0.3127,CD20
CD20_181,97,674,373,0.2989,0.2846,0.2302,0.2963,0.2589,0.2981,CD20
CD20_182,89,229,1208,0.2662,0.4111,0.2778,0.2631,0.3199,0.4589,CD20
CD20_183,93,253,1035,0.3164,0.3838,0.2513,0.261,0.2673,0.317,CD20
CD20_184,89,257,1050,0.3886,0.4066,0.3476,0.3175,0.3001,0.3995,CD20
CD20_185,89,339,845,0.3299,0.4409,0.338,0.4737,0.3593,0.4946,CD20
CD20_186,88,338,855,0.4164,0.6133,0.2288,0.3827,0.3279,0.4515,CD20
CD20_187,97,556,266,0.2581,0.3438,0.2047,0.2895,0.2077,0.2513,CD20
CD20_188,88,582,85,0.3892,0.3763,0.248,0.3666,0.4264,0.5253,CD20
CD20_189,87,586,322,0.4036,0.3184,0.2863,0.3366,0.4125,0.5843,CD20
CD20_19,72,263,1125,0.391,0.4619,0.2583,0.3189,0.2515,0.3167,CD20
CD20_190,88,105,1285,0.3731,0.5137,0.2946,0.4072,0.3739,0.3751,CD20
CD20_191,90,196,1207,0.3243,0.4252,0.2959,0.3871,0.3693,0.4903,CD20
CD20_192,89,223,1050,0.4001,0.4281,0.2967,0.5115,0.443,0.4106,CD20
CD20_193,89,226,1162,0.3699,0.5265,0.3361,0.3625,0.3651,0.3818,CD20
CD20_194,93,302,704,0.3061,0.5238,0.228,0.3449,0.2463,0.3207,CD20
CD20_195,94,315,774,0.2512,0.4593,0.238,0.3025,0.301,0.2816,CD20
CD20_196,99,385,749,0.2838,0.2938,0.2119,0.3012,0.2633,0.5487,CD20
CD20_197,90,407,564,0.361,0.5034,0.2938,0.3546,0.396,0.3608,CD20
CD20_198,88,557,72,0.3732,0.4566,0.2616,0.3793,0.3896,0.4276,CD20
CD20_199,90,669,356,0.4752,0.4305,0.2835,0.3507,0.4555,0.4054,CD20
CD20_2,59,114,1301,0.3167,0.3239,0.2331,0.2975,0.3119,0.2572,CD20
CD20_20,66,384,923,0.3454,0.656,0.3693,0.3324,0.3393,0.3934,CD20
CD20_200,95,220,1082,0.3403,0.3305,0.3194,0.216,0.2877,0.3537,CD20
CD20_201,89,293,763,0.4744,0.5208,0.2691,0.3191,0.3614,0.4866,CD20
CD20_202,95,472,279,0.3623,0.482,0.2508,0.331,0.3092,0.4495,CD20
CD20_203,96,564,312,0.3722,0.3674,0.2423,0.2542,0.298,0.262,CD20
CD20_204,90,637,292,0.3095,0.5174,0.3287,0.3003,0.332,0.4276,CD20
CD20_205,93,670,51,0.4236,0.4418,0.3467,0.4426,0.3256,0.3226,CD20
CD20_206,91,673,93,0.3583,0.4918,0.378,0.321,0.364,0.4975,CD20
CD20_207,89,677,366,0.495,0.5531,0.2871,0.3206,0.397,0.3411,CD20
CD20_208,90,678,458,0.3875,0.5214,0.3725,0.3129,0.3221,0.5341,CD20
CD20_209,91,109,1212,0.4013,0.5109,0.3154,0.2868,0.3067,0.35,CD20
CD20_21,78,418,543,0.3433,0.2872,0.2775,0.2719,0.3183,0.2668,CD20
CD20_210,95,212,1138,0.3593,0.4791,0.2431,0.323,0.307,0.3442,CD20
CD20_211,95,225,1048,0.3105,0.3411,0.3755,0.3541,0.3558,0.347,CD20
CD20_212,105,301,1006,0.3071,0.3637,0.1989,0.2539,0.2049,0.2635,CD20
CD20_213,90,443,587,0.355,0.4502,0.3926,0.333,0.2807,0.3137,CD20
CD20_214,96,571,158,0.372,0.4234,0.2938,0.3173,0.387,0.4026,CD20
CD20_215,91,578,133,0.3989,0.6041,0.3712,0.4581,0.448,0.4975,CD20
CD20_216,99,588,322,0.2564,0.2857,0.2226,0.2628,0.2594,0.2849,CD20
CD20_217,92,671,90,0.4621,0.4418,0.3256,0.3656,0.3552,0.5513,CD20
CD20_218,96,199,1065,0.3564,0.3785,0.2689,0.2951,0.2917,0.3905,CD20
CD20_219,92,266,791,0.3623,0.4302,0.4401,0.3431,0.3145,0.4148,CD20
CD20_22,65,568,409,0.3339,0.477,0.4392,0.2846,0.3286,0.4503,CD20
CD20_220,94,273,833,0.2836,0.4004,0.2985,0.3641,0.3682,0.4348,CD20
CD20_221,96,323,811,0.3152,0.5334,0.3204,0.3656,0.4124,0.3379,CD20
CD20_222,104,341,787,0.2597,0.2943,0.2153,0.2533,0.292,0.3498,CD20
CD20_223,95,685,425,0.3796,0.5039,0.0,0.2796,0.0,0.355,CD20
CD20_224,95,172,1246,0.3394,0.4336,0.259,0.258,0.2773,0.4331,CD20
CD20_225,92,201,864,0.4438,0.4373,0.2762,0.4189,0.2815,0.4048,CD20
CD20_226,92,238,900,0.4208,0.5052,0.3192,0.4058,0.4083,0.4243,CD20
CD20_227,94,530,384,0.3842,0.53,0.3075,0.3091,0.3926,0.4717,CD20
CD20_228,93,142,1039,0.3802,0.5051,0.3806,0.3072,0.4193,0.2983,CD20
CD20_229,98,203,972,0.3324,0.3038,0.1877,0.2817,0.2517,0.3546,CD20
CD20_23,66,663,39,0.3356,0.3843,0.4792,0.3975,1.0,0.5751,CD20
CD20_230,93,251,1211,0.3876,0.4229,0.2907,0.316,0.4556,0.3913,CD20
CD20_231,96,343,745,0.3788,0.4629,0.3905,0.2807,0.3287,0.6355,CD20
CD20_232,95,388,536,0.2827,0.5238,0.2914,0.2919,0.3382,0.4806,CD20
CD20_233,94,410,564,0.2932,0.4646,0.2178,0.2854,0.332,0.5817,CD20
CD20_234,98,499,321,0.3538,0.3838,0.2774,0.3475,0.2962,0.3058,CD20
CD20_235,94,506,413,0.3508,0.4392,0.3225,0.4314,0.3321,0.3987,CD20
CD20_236,98,556,361,0.3724,0.4807,0.2496,0.34,0.3131,0.438,CD20
CD20_237,104,584,149,0.2527,0.3577,0.2656,0.3391,0.2793,0.2712,CD20
CD20_238,103,660,125,0.3286,0.3507,0.1743,0.2768,0.2715,0.462,CD20
CD20_239,96,110,1229,0.3781,0.4392,0.29,0.3056,0.2873,0.3831,CD20
CD20_24,67,56,1302,0.3715,0.4374,0.2375,0.3213,0.3435,0.4607,CD20
CD20_240,94,113,1215,0.4357,0.4465,0.2977,0.2847,0.3638,0.3027,CD20
CD20_241,96,137,1088,0.2973,0.5067,0.3318,0.3826,0.3424,0.3934,CD20
CD20_242,97,150,1159,0.3487,0.5408,0.3595,0.4174,0.4389,0.3052,CD20
CD20_243,99,151,1327,0.3294,0.2703,0.2432,0.2494,0.2857,0.2896,CD20
CD20_244,96,180,1090,0.2426,0.4102,0.2819,0.348,0.3381,0.3146,CD20
CD20_245,96,268,822,0.3142,0.4374,0.3876,0.3546,0.3974,0.6919,CD20
CD20_246,96,292,763,0.3367,0.5722,0.3613,0.2806,0.2986,0.4261,CD20
CD20_247,96,299,1015,0.4122,0.3745,0.336,0.421,0.3499,0.5302,CD20
CD20_248,101,580,161,0.2939,0.4133,0.3229,0.2975,0.2654,0.3362,CD20
CD20_249,95,582,91,0.3408,0.5025,0.3053,0.3014,0.3574,0.632,CD20
CD20_25,73,138,1232,0.361,0.3841,0.2298,0.324,0.2655,0.4044,CD20
CD20_250,94,586,329,0.3443,0.4866,0.2887,0.2708,0.4132,0.6285,CD20
CD20_251,96,108,1261,0.2768,0.4318,0.3154,0.3887,0.3812,0.3049,CD20
CD20_252,97,171,1102,0.3631,0.4718,0.2422,0.4432,0.2915,0.5222,CD20
CD20_253,99,213,1183,0.2607,0.3541,0.2561,0.3193,0.2914,0.4659,CD20
CD20_254,98,256,1210,0.3698,0.5182,0.3269,0.2951,0.4071,0.3825,CD20
CD20_255,95,263,760,0.3481,0.6166,0.321,0.3787,0.3393,0.4882,CD20
CD20_256,98,303,1012,0.2973,0.4572,0.4808,0.3751,0.2987,0.5247,CD20
CD20_257,96,504,641,0.4442,0.4415,0.3946,0.3455,0.3344,0.6369,CD20
CD20_258,98,505,254,0.3583,0.4347,0.2965,0.3134,0.3123,0.4512,CD20
CD20_259,101,563,290,0.2876,0.3772,0.2254,0.2305,0.2271,0.2592,CD20
CD20_26,70,141,1021,0.2911,0.4222,0.2082,0.3432,0.2787,0.2703,CD20
CD20_260,101,585,172,0.3282,0.4169,0.2681,0.3553,0.2746,0.2553,CD20
CD20_261,103,611,63,0.2665,0.3468,0.1871,0.2387,0.2551,0.2743,CD20
CD20_262,100,651,109,0.3521,0.3633,0.2267,0.2591,0.3461,0.299,CD20
CD20_263,96,147,1001,0.4156,0.467,0.2652,0.3985,0.3376,0.3425,CD20
CD20_264,99,151,1072,0.2945,0.3873,0.2512,0.2253,0.3176,0.2786,CD20
CD20_265,96,435,362,0.3431,0.4255,0.3423,0.3502,0.395,0.3849,CD20
CD20_266,96,474,275,0.3465,0.4823,0.3151,0.2788,0.3594,0.3422,CD20
CD20_267,97,492,324,0.4054,0.4367,0.3301,0.3079,0.3067,0.5565,CD20
CD20_268,98,229,1120,0.4182,0.4912,0.3512,0.523,0.4437,0.4653,CD20
CD20_269,97,261,1114,0.3544,0.5186,0.28,0.3589,0.3439,0.6025,CD20
CD20_27,79,182,1231,0.2822,0.2322,0.2088,0.2776,0.2805,0.2688,CD20
CD20_270,100,264,1126,0.3003,0.4833,0.3121,0.375,0.3414,0.5157,CD20
CD20_271,98,275,809,0.3394,0.4561,0.2913,0.2633,0.3798,0.5366,CD20
CD20_272,97,368,632,0.4003,0.4883,0.2963,0.4013,0.3589,0.447,CD20
CD20_273,103,386,596,0.2795,0.3548,0.2362,0.2767,0.3311,0.4883,CD20
CD20_274,100,558,284,0.3888,0.4564,0.2685,0.3829,0.3725,0.6479,CD20
CD20_275,100,577,190,0.4792,0.6393,0.3061,0.4164,0.403,0.4533,CD20
CD20_276,98,684,380,0.3367,0.4898,0.0,0.3299,0.0,0.4062,CD20
CD20_277,99,231,913,0.3481,0.5322,0.3693,0.3532,0.4719,0.503,CD20
CD20_278,98,278,702,0.3367,0.4493,0.332,0.3616,0.3619,0.3769,CD20
CD20_279,101,579,133,0.3831,0.4942,0.2817,0.3134,0.3025,0.4018,CD20
CD20_28,71,391,999,0.3074,0.4107,0.2069,0.3709,0.4327,0.3278,CD20
CD20_280,99,587,327,0.3512,0.4406,0.2383,0.3528,0.3101,0.3787,CD20
CD20_281,109,605,79,0.3655,0.3536,0.1642,0.1897,0.2752,0.2727,CD20
CD20_282,102,677,460,0.3871,0.506,0.3775,0.389,0.4865,0.3293,CD20
CD20_283,101,199,939,0.3269,0.5519,0.3208,0.3985,0.4057,0.3149,CD20
CD20_284,99,248,642,0.3995,0.4801,0.2625,0.2893,0.3889,0.5273,CD20
CD20_285,103,537,396,0.5027,0.3983,0.3278,0.3885,0.4573,0.7549,CD20
CD20_286,99,566,317,0.3653,0.3243,0.3369,0.3347,0.3292,0.5479,CD20
CD20_287,116,615,115,0.2927,0.3886,0.2131,0.2779,0.2943,0.2531,CD20
CD20_288,99,636,292,0.4222,0.581,0.2946,0.4357,0.4288,0.4614,CD20
CD20_289,107,181,1135,0.3213,0.4018,0.2356,0.4102,0.2792,0.3553,CD20
CD20_29,69,133,1174,0.3111,0.4253,0.4011,0.3133,0.3751,0.4433,CD20
CD20_290,101,234,893,0.4314,0.579,0.4337,0.6496,0.3562,0.5692,CD20
CD20_291,103,362,757,0.4104,0.4786,0.2494,0.2971,0.3962,0.4229,CD20
CD20_292,102,371,631,0.3363,0.3498,0.2502,0.333,0.3449,0.332,CD20
CD20_293,102,464,362,0.4498,0.9884,0.4244,1.0,0.5693,0.4711,CD20
CD20_294,107,503,368,0.2925,0.3503,0.3081,0.2593,0.2894,0.2636,CD20
CD20_295,104,532,385,0.4968,0.4531,0.3053,0.4006,0.3585,0.5453,CD20
CD20_296,102,163,1113,0.4737,0.5775,0.3373,0.3482,0.3496,0.3886,CD20
CD20_297,103,199,1156,0.3392,0.5339,0.3519,0.2472,0.2938,0.479,CD20
CD20_298,101,249,1033,0.3645,0.4853,0.3435,0.4219,0.3569,0.4231,CD20
CD20_299,106,254,1099,0.3356,0.3962,0.2557,0.2825,0.2339,0.2972,CD20
CD20_3,56,229,1320,0.2783,0.4554,0.2799,0.2516,0.2575,0.32,CD20
CD20_30,67,194,1207,0.3662,0.6651,0.3173,0.4189,0.4374,0.4631,CD20
CD20_300,107,338,740,0.4101,0.4536,0.242,0.2617,0.3907,0.5442,CD20
CD20_301,101,372,571,0.3617,0.5183,0.2962,0.2974,0.3282,0.3675,CD20
CD20_302,109,542,318,0.2393,0.3767,0.2296,0.2877,0.3032,0.2786,CD20
CD20_303,105,546,289,0.3384,0.5206,0.3191,0.3242,0.3373,0.3567,CD20
CD20_304,105,553,365,0.4134,0.4785,0.2912,0.3672,0.3457,0.4773,CD20
CD20_305,109,555,113,0.2748,0.3613,0.2096,0.2217,0.2644,0.2654,CD20
CD20_306,109,624,158,0.3159,0.3581,0.1884,0.3051,0.282,0.2947,CD20
CD20_307,101,664,32,0.3572,0.5045,0.3165,0.3815,0.3255,0.4237,CD20
CD20_308,102,173,1049,0.3095,0.4711,0.2396,0.3252,0.3313,0.3066,CD20
CD20_309,104,238,933,0.3753,0.5677,0.3375,0.3806,0.3914,0.4819,CD20
CD20_31,69,115,1275,0.325,0.5425,0.2952,0.4358,0.2913,0.3868,CD20
CD20_310,105,266,789,0.3378,0.3977,0.5577,0.3733,0.3337,0.4015,CD20
CD20_311,102,328,823,0.3661,0.4105,0.2785,0.2732,0.3481,0.4637,CD20
CD20_312,102,513,320,0.3213,0.4732,0.4385,0.4594,0.388,0.5158,CD20
CD20_313,105,549,278,0.2818,0.3548,0.2827,0.2901,0.3129,0.2241,CD20
CD20_314,104,586,143,0.3695,0.3989,0.299,0.4039,0.3644,0.3486,CD20
CD20_315,103,661,209,0.4128,0.454,0.4021,0.3793,0.4207,0.4931,CD20
CD20_316,105,674,91,0.3221,0.4856,0.2106,0.2831,0.3452,0.3055,CD20
CD20_317,105,198,1013,0.4352,0.4786,0.2807,0.3413,0.3246,0.4759,CD20
CD20_318,104,342,698,0.3606,0.4895,0.3076,0.3826,0.3406,0.4103,CD20
CD20_319,104,439,456,0.3649,0.3583,0.381,0.2836,0.4018,0.2837,CD20
CD20_32,73,199,748,0.3168,0.4383,0.1889,0.3069,0.291,0.2975,CD20
CD20_320,105,555,359,0.3829,0.4625,0.3041,0.3603,0.2898,0.5096,CD20
CD20_321,106,147,1230,0.3971,0.5901,0.3565,0.3037,0.4239,0.4256,CD20
CD20_322,109,251,1031,0.3128,0.4463,0.2244,0.3695,0.3621,0.4929,CD20
CD20_323,105,368,573,0.4683,0.3766,0.2775,0.3648,0.3548,0.3278,CD20
CD20_324,105,543,259,0.4824,0.5016,0.3399,0.4114,0.3889,0.4173,CD20
CD20_325,107,115,1243,0.3458,0.5019,0.3229,0.4116,0.3308,0.431,CD20
CD20_326,106,239,1024,0.3586,0.523,0.2468,0.2597,0.2988,0.3357,CD20
CD20_327,107,281,758,0.353,0.512,0.3546,0.3073,0.3285,0.4626,CD20
CD20_328,106,317,887,0.3738,0.3966,0.3679,0.2909,0.4595,0.5224,CD20
CD20_329,111,333,718,0.3233,0.4371,0.1608,0.3465,0.3176,0.3451,CD20
CD20_33,77,200,1201,0.3046,0.3501,0.2428,0.2891,0.3365,0.3161,CD20
CD20_330,110,476,372,0.335,0.332,0.3047,0.284,0.3023,0.3012,CD20
CD20_331,108,296,709,0.3711,0.4913,0.2936,0.3312,0.4429,0.4932,CD20
CD20_332,106,515,318,0.5114,0.3988,0.4198,0.4432,0.4348,0.4267,CD20
CD20_333,112,651,142,0.273,0.4176,0.2678,0.3035,0.4185,0.3641,CD20
CD20_334,107,154,1231,0.3893,0.366,0.3707,0.3476,0.3545,0.3408,CD20
CD20_335,111,269,784,0.4449,0.3465,0.4834,0.2934,0.2876,0.4744,CD20
CD20_336,112,312,722,0.3567,0.3334,0.2848,0.2554,0.3035,0.3359,CD20
CD20_337,112,520,381,0.3152,0.3998,0.3134,0.3447,0.3532,0.4635,CD20
CD20_338,111,204,1150,0.3217,0.4217,0.2815,0.2639,0.2562,0.4335,CD20
CD20_339,110,271,673,0.34,0.4551,0.2117,0.3648,0.2808,0.5209,CD20
CD20_34,75,216,1351,0.2912,0.2949,0.2361,0.253,0.2686,0.5704,CD20
CD20_340,108,311,714,0.5316,0.5245,0.2828,0.3453,0.3607,0.3278,CD20
CD20_341,108,320,808,0.4349,0.4306,0.3213,0.3867,0.3386,0.4185,CD20
CD20_342,117,341,772,0.2659,0.2873,0.2164,0.2637,0.2619,0.2746,CD20
CD20_343,113,615,190,0.3912,0.416,0.3815,0.397,0.2764,0.2663,CD20
CD20_344,109,660,118,0.4282,0.4296,0.3025,0.42,0.3355,0.4439,CD20
CD20_345,110,228,846,0.4331,0.4267,0.2909,0.3228,0.3546,0.4354,CD20
CD20_346,110,240,933,0.3317,0.3501,0.2938,0.3451,0.3606,0.3645,CD20
CD20_347,110,261,763,0.3615,0.4832,0.4144,0.3313,0.384,0.3803,CD20
CD20_348,110,278,760,0.403,0.4424,0.213,0.3638,0.2952,0.3103,CD20
CD20_349,112,535,332,0.3393,0.36,0.2853,0.2948,0.3292,0.4225,CD20
CD20_35,69,245,676,0.4474,0.4827,0.3289,0.3224,0.308,0.4515,CD20
CD20_350,110,561,262,0.3929,0.4789,0.2882,0.3592,0.3946,0.6075,CD20
CD20_351,109,618,131,0.3307,0.5336,0.3652,0.2739,0.2523,0.5175,CD20
CD20_352,111,290,927,0.3305,0.5528,0.3337,0.3135,0.3671,0.6707,CD20
CD20_353,111,316,884,0.4616,0.4392,0.3482,0.3431,0.3371,0.405,CD20
CD20_354,120,573,307,0.2686,0.315,0.2136,0.238,0.259,0.2789,CD20
CD20_355,113,668,126,0.3479,0.4108,0.3257,0.2475,0.3073,0.5069,CD20
CD20_356,112,153,1137,0.3607,0.3731,0.3171,0.3954,0.3985,0.5289,CD20
CD20_357,114,176,1085,0.3593,0.4054,0.2608,0.4092,0.2965,0.2678,CD20
CD20_358,119,312,768,0.3454,0.3936,0.2927,0.2782,0.287,0.2604,CD20
CD20_359,113,577,343,0.4258,0.3751,0.3326,0.2995,0.3758,0.3922,CD20
CD20_36,73,199,1299,0.3303,0.3902,0.3022,0.3914,0.5126,0.3287,CD20
CD20_360,113,616,137,0.3564,0.4555,0.2767,0.453,0.4792,0.4555,CD20
CD20_361,115,316,742,0.3186,0.5138,0.3531,0.3966,0.3695,0.5384,CD20
CD20_362,117,597,125,0.3353,0.3225,0.227,0.3966,0.3131,0.3204,CD20
CD20_363,114,607,199,0.35,0.4178,0.3421,0.3723,0.4767,0.2996,CD20
CD20_364,113,613,120,0.3607,0.57,0.2173,0.3638,0.422,0.4316,CD20
CD20_365,116,555,361,0.3179,0.5023,0.3207,0.4342,0.32,0.3307,CD20
CD20_366,121,584,89,0.2887,0.4596,0.2192,0.3788,0.2932,0.3755,CD20
CD20_367,115,618,129,0.385,0.4392,0.3657,0.3674,0.3382,0.3788,CD20
CD20_368,116,256,1046,0.2891,0.6132,0.3706,0.3665,0.3046,0.3433,CD20
CD20_369,118,644,175,0.3144,0.3838,0.3049,0.3044,0.4094,0.4727,CD20
CD20_37,69,310,649,0.4191,0.403,0.2133,0.3221,0.3932,0.4024,CD20
CD20_370,116,165,974,0.4621,0.4416,0.2782,0.3853,0.2783,0.4363,CD20
CD20_371,119,273,1057,0.4165,0.3917,0.2862,0.4803,0.3136,0.4652,CD20
CD20_372,119,339,739,0.2225,0.438,0.2897,0.2844,0.3235,0.3112,CD20
CD20_373,117,553,364,0.3371,0.4622,0.3184,0.3473,0.3912,0.4533,CD20
CD20_374,116,559,277,0.3593,0.4152,0.2075,0.2953,0.3076,0.3983,CD20
CD20_375,117,579,161,0.409,0.454,0.339,0.376,0.4018,0.5181,CD20
CD20_376,118,608,124,0.3796,0.3923,0.3277,0.3212,0.3774,0.2856,CD20
CD20_377,122,239,987,0.3335,0.4435,0.281,0.2621,0.2577,0.3008,CD20
CD20_378,120,458,383,0.3735,0.52,0.2749,0.3216,0.3621,0.5099,CD20
CD20_379,118,587,173,0.3607,0.5043,0.3171,0.3009,0.3299,0.2538,CD20
CD20_38,73,70,1227,0.3891,0.448,0.2187,0.358,0.3093,0.3118,CD20
CD20_380,119,627,47,0.395,0.3654,0.3344,0.3005,0.2986,0.3543,CD20
CD20_381,126,626,159,0.2549,0.4362,0.2539,0.2751,0.3035,0.2681,CD20
CD20_382,121,536,203,0.3858,0.4496,0.3482,0.4409,0.4412,0.503,CD20
CD20_383,120,128,1143,0.3103,0.4666,0.3195,0.3309,0.2913,0.2693,CD20
CD20_384,120,238,833,0.3639,0.4401,0.232,0.3563,0.3293,0.4733,CD20
CD20_385,120,269,672,0.3111,0.5171,0.3411,0.3504,0.3625,0.4252,CD20
CD20_386,120,286,888,0.4372,0.4119,0.3023,0.4174,0.2392,0.3977,CD20
CD20_387,121,337,766,0.3141,0.5363,0.2497,0.284,0.3702,0.3314,CD20
CD20_388,123,568,308,0.4021,0.4308,0.297,0.3584,0.345,0.5014,CD20
CD20_389,120,583,174,0.2903,0.5549,0.3006,0.3303,0.354,0.4062,CD20
CD20_39,77,173,1036,0.279,0.3693,0.2808,0.3447,0.3205,0.325,CD20
CD20_390,122,625,155,0.3666,0.565,0.2393,0.333,0.328,0.4103,CD20
CD20_391,123,634,143,0.2395,0.4003,0.2282,0.2975,0.405,0.336,CD20
CD20_392,122,99,1224,0.3553,0.5073,0.3026,0.3042,0.3357,0.4706,CD20
CD20_393,124,306,783,0.4144,0.4484,0.3759,0.3255,0.3171,0.4989,CD20
CD20_394,123,607,198,0.4362,0.4916,0.3007,0.2945,0.4648,0.3188,CD20
CD20_395,123,424,488,0.3942,0.425,0.2756,0.3542,0.317,0.5774,CD20
CD20_396,124,128,1141,0.3503,0.4047,0.288,0.3008,0.2719,0.3143,CD20
CD20_397,130,467,374,0.3335,0.4084,0.2357,0.261,0.2576,0.384,CD20
CD20_398,125,517,247,0.4058,0.4302,0.2399,0.2585,0.3733,0.292,CD20
CD20_399,126,618,136,0.3532,0.52,0.3389,0.275,0.4368,0.4192,CD20
CD20_4,55,180,1231,0.3178,0.3018,0.3062,0.244,0.3448,0.3568,CD20
CD20_40,75,194,1204,0.3221,0.3678,0.2984,0.3384,0.3439,0.3373,CD20
CD20_400,129,359,751,0.3645,0.4007,0.3551,0.3031,0.3074,0.499,CD20
CD20_401,131,538,330,0.2724,0.3681,0.2409,0.2435,0.3068,0.3188,CD20
CD20_402,126,654,162,0.3079,0.588,0.2974,0.3784,0.3373,0.4253,CD20
CD20_403,128,655,49,0.4005,0.4247,0.3072,0.3149,0.4942,0.4333,CD20
CD20_404,133,614,188,0.2999,0.2967,0.2452,0.2581,0.3336,0.2757,CD20
CD20_405,134,563,337,0.3153,0.3858,0.2591,0.2588,0.2399,0.3424,CD20
CD20_406,129,575,264,0.3931,0.5091,0.238,0.3054,0.3119,0.3265,CD20
CD20_407,129,649,162,0.3606,0.4525,0.3089,0.3561,0.341,0.466,CD20
CD20_408,133,515,329,0.4108,0.4441,0.2294,0.434,0.3124,0.4509,CD20
CD20_409,129,608,59,0.3481,0.5224,0.3384,0.3544,0.2418,0.2904,CD20
CD20_41,85,287,788,0.2757,0.3619,0.2331,0.3098,0.2917,0.4686,CD20
CD20_410,130,306,786,0.3265,0.4427,0.3467,0.3366,0.3902,0.3011,CD20
CD20_411,131,639,149,0.3768,0.3421,0.2875,0.3721,0.3164,0.4066,CD20
CD20_412,131,332,626,0.3564,0.4886,0.3449,0.3268,0.4135,0.4356,CD20
CD20_413,134,554,330,0.3304,0.3592,0.2769,0.2805,0.3301,0.3302,CD20
CD20_414,135,342,772,0.3064,0.491,0.3291,0.3385,0.3402,0.6757,CD20
CD20_415,134,585,195,0.4763,0.5037,0.3109,0.3005,0.4773,0.4769,CD20
CD20_416,134,609,224,0.3677,0.4435,0.3431,0.3737,0.4385,0.4369,CD20
CD20_417,133,338,765,0.3455,0.4499,0.2747,0.2623,0.3817,0.5045,CD20
CD20_418,136,311,769,0.3319,0.437,0.3015,0.3547,0.3387,0.3672,CD20
CD20_419,136,347,770,0.3388,0.4007,0.3328,0.3492,0.276,0.6011,CD20
CD20_42,70,416,547,0.4267,0.4534,0.2995,0.2567,0.3543,0.3177,CD20
CD20_420,137,580,220,0.4722,0.4528,0.2748,0.3809,0.42,0.3745,CD20
CD20_421,135,550,329,0.4273,0.5337,0.352,0.2837,0.4087,0.4105,CD20
CD20_422,135,651,140,0.3217,0.4086,0.3991,0.3731,0.3732,0.4308,CD20
CD20_423,139,579,311,0.3546,0.4881,0.2705,0.2594,0.4345,0.3883,CD20
CD20_424,139,537,202,0.4962,0.3831,0.2443,0.3584,0.4323,0.4849,CD20
CD20_425,142,542,329,0.2523,0.3548,0.2594,0.3085,0.2746,0.2577,CD20
CD20_426,138,548,331,0.3242,0.4883,0.4384,0.2593,0.3892,0.4198,CD20
CD20_427,139,677,85,0.3864,0.483,0.3682,0.4308,0.5123,0.3683,CD20
CD20_428,141,561,332,0.4846,0.39,0.3164,0.3263,0.3554,0.48,CD20
CD20_429,143,564,280,0.3323,0.4213,0.2749,0.3081,0.3194,0.2672,CD20
CD20_43,76,617,345,0.3634,0.552,0.2187,0.4786,0.311,0.4384,CD20
CD20_430,141,644,185,0.3057,0.4502,0.2669,0.3037,0.3427,0.4394,CD20
CD20_431,146,494,7,0.4311,0.9766,0.0,0.5011,0.3764,0.0,CD20
CD20_432,144,606,227,0.3467,0.3751,0.3001,0.3542,0.3518,0.3623,CD20
CD20_433,150,634,146,0.3858,0.3654,0.2899,0.3908,0.2868,0.2617,CD20
CD20_434,147,621,139,0.4808,0.4697,0.2483,0.3573,0.3219,0.442,CD20
CD20_435,147,616,138,0.4936,0.543,0.3003,0.3775,0.3444,0.4224,CD20
CD20_436,146,631,145,0.3676,0.4172,0.2227,0.3146,0.3131,0.3665,CD20
CD20_437,153,82,616,0.4019,0.9654,0.3667,0.5928,0.5165,0.0,CD20
CD20_438,150,537,204,0.3374,0.4483,0.3334,0.3191,0.4481,0.5179,CD20
CD20_439,152,440,453,0.317,0.5488,0.2751,0.3304,0.3615,0.3711,CD20
CD20_44,73,94,1244,0.4471,0.4196,0.3567,0.3598,0.3262,0.2942,CD20
CD20_440,159,617,178,0.3325,0.4249,0.2629,0.3056,0.3351,0.3852,CD20
CD20_441,166,656,94,0.3716,0.3779,0.3327,0.3584,0.3911,0.4799,CD20
CD20_45,80,142,1109,0.2602,0.3334,0.2156,0.2491,0.2705,0.2986,CD20
CD20_46,74,153,1247,1.0,0.4847,0.2735,0.3014,0.4381,0.3662,CD20
CD20_47,73,161,1259,0.4067,0.4878,0.3297,0.3218,0.348,0.5038,CD20
CD20_48,72,288,1029,0.3935,0.4498,0.2318,0.3358,0.5054,0.4562,CD20
CD20_49,73,112,1334,0.3692,0.5105,0.24,0.3385,0.3065,0.3506,CD20
CD20_5,65,624,51,0.2716,0.2858,0.1989,0.2178,0.2736,0.4391,CD20
CD20_50,76,136,1092,0.3208,0.3411,0.245,0.3045,0.2237,0.4944,CD20
CD20_51,73,157,1035,0.3682,0.4407,0.262,0.4017,0.6905,0.4827,CD20
CD20_52,77,163,1288,0.3849,0.3879,0.3228,0.3078,0.3598,0.757,CD20
CD20_53,79,171,1099,0.2842,0.3619,0.263,0.2579,0.2688,0.413,CD20
CD20_54,75,211,1252,0.4013,0.5297,0.3271,0.3714,0.3673,0.4626,CD20
CD20_55,74,312,638,0.3902,0.4377,0.2956,0.3482,0.3258,0.3574,CD20
CD20_56,72,324,611,0.3328,0.3846,0.313,0.3888,0.3562,0.4323,CD20
CD20_57,75,425,542,0.476,0.4836,0.3712,0.3962,0.5424,0.5347,CD20
CD20_58,75,686,72,0.0,0.5241,0.0,0.5546,0.0,0.8218,CD20
CD20_59,75,70,1233,0.4081,0.5097,0.2267,0.3361,0.3245,0.3301,CD20
CD20_6,56,107,1285,0.3633,0.4949,0.2831,0.5036,0.377,0.4096,CD20
CD20_60,75,115,1339,0.7211,0.456,0.3572,0.3622,0.3156,0.3684,CD20
CD20_61,76,290,651,0.5358,0.5556,0.2477,0.3719,0.4207,0.3855,CD20
CD20_62,74,348,925,0.3844,0.454,0.2333,0.3536,0.375,0.6789,CD20
CD20_63,75,389,611,0.4861,0.5078,0.322,0.4758,0.6181,0.4121,CD20
CD20_64,87,665,41,0.2672,0.3526,0.2129,0.2562,0.2752,0.3926,CD20
CD20_65,82,131,1177,0.3435,0.3432,0.2514,0.3102,0.2414,0.4586,CD20
CD20_66,82,133,1106,0.2965,0.3785,0.24,0.21,0.2725,0.32,CD20
CD20_67,75,165,1328,0.4059,0.5374,0.2767,0.3642,0.2998,0.332,CD20
CD20_68,88,170,1228,0.3449,0.3246,0.2005,0.2843,0.2552,0.3439,CD20
CD20_69,81,300,707,0.3025,0.4222,0.2631,0.313,0.3633,0.3853,CD20
CD20_7,61,58,1300,0.3903,0.4083,0.2432,0.3562,0.331,0.3262,CD20
CD20_70,76,431,334,0.524,0.4253,0.2786,0.3647,0.3496,0.2862,CD20
CD20_71,78,673,460,0.3628,0.4469,0.2916,0.3276,0.2799,0.4362,CD20
CD20_72,79,176,994,0.3615,0.3812,0.2786,0.349,0.3021,0.247,CD20
CD20_73,90,258,1104,0.2643,0.3384,0.1979,0.2722,0.2743,0.5343,CD20
CD20_74,77,440,455,0.531,0.5017,0.3026,0.2692,0.2786,0.4372,CD20
CD20_75,77,672,75,0.3831,0.5461,0.2265,0.5178,0.3194,0.2679,CD20
CD20_76,76,675,62,0.483,0.5674,0.3732,0.4664,0.4158,0.5091,CD20
CD20_77,82,118,1277,0.2518,0.351,0.1881,0.269,0.2811,0.3134,CD20
CD20_78,76,170,1246,0.4283,0.4185,0.3015,0.5175,0.2902,0.5215,CD20
CD20_79,76,213,1180,0.4785,0.4358,0.318,0.3818,0.367,0.4206,CD20
CD20_8,61,118,1276,0.4038,0.4572,0.3507,0.361,0.2913,0.3622,CD20
CD20_80,77,215,1333,0.449,0.3672,0.3405,0.2847,0.2865,0.3136,CD20
CD20_81,80,269,817,0.267,0.4732,0.2554,0.3599,0.2549,0.3626,CD20
CD20_82,89,275,777,0.2891,0.4187,0.2494,0.2353,0.2333,0.2798,CD20
CD20_83,79,280,1101,0.4143,0.4216,0.4074,0.2295,0.3352,0.4402,CD20
CD20_84,76,322,759,0.4347,0.4951,0.2976,0.3828,0.3324,0.5022,CD20
CD20_85,86,323,756,0.2932,0.2795,0.1868,0.3292,0.3352,0.3151,CD20
CD20_86,78,405,444,0.38,0.3658,0.2913,0.3376,0.3242,0.7774,CD20
CD20_87,84,441,319,0.312,0.3503,0.2419,0.2477,0.3061,0.2977,CD20
CD20_88,78,647,56,0.3042,0.4726,0.2804,0.3173,0.2431,0.4443,CD20
CD20_89,111,675,50,0.2661,0.238,0.1619,0.2178,0.2339,0.3577,CD20
CD20_9,64,323,970,0.4215,0.5245,0.3078,0.2709,0.4099,0.262,CD20
CD20_90,82,155,1251,0.3699,0.4039,0.3346,0.2615,0.2807,0.4174,CD20
CD20_91,77,260,1142,0.3874,0.5411,0.294,0.4039,0.4402,0.5075,CD20
CD20_92,79,323,614,0.3524,0.5035,0.2958,0.3417,0.2767,0.3498,CD20
CD20_93,80,337,755,0.4036,0.501,0.3002,0.473,0.3012,0.3598,CD20
CD20_94,86,404,523,0.2654,0.3005,0.2095,0.2892,0.2426,0.3219,CD20
CD20_95,86,435,676,0.2806,0.3228,0.2436,0.3238,0.2749,0.4926,CD20
CD20_96,78,513,637,0.2993,0.3837,0.3004,0.3525,0.3955,0.4206,CD20
CD20_97,80,634,59,0.4321,0.3944,0.2145,0.2987,0.2474,0.3675,CD20
CD20_98,78,83,1300,0.3687,0.5016,0.2461,0.3361,0.2981,0.3329,CD20
CD20_99,80,181,1258,0.3469,0.5072,0.2922,0.333,0.4251,0.4007,CD20
CD31_1,58,106,1319,0.3671,0.3968,0.2367,0.1962,0.286,0.4189,CD31
CD31_10,67,411,517,0.3098,0.412,0.1974,0.3809,0.3021,0.416,CD31
CD31_100,94,540,164,0.4033,0.4383,1.0,0.3907,0.3021,0.8646,CD31
CD31_101,99,589,94,0.2832,0.4281,0.2747,0.421,0.3558,0.3055,CD31
CD31_102,101,604,176,0.3545,0.3992,0.2698,0.3048,0.2367,0.4323,CD31
CD31_103,93,369,812,0.4231,0.4824,0.3412,0.3651,0.4955,0.3733,CD31
CD31_104,94,427,471,0.4182,0.4595,0.2892,0.2907,0.3139,0.4036,CD31
CD31_105,94,546,333,0.5985,0.4072,0.339,0.3719,0.3439,0.3706,CD31
CD31_106,96,143,1319,0.4706,0.518,0.379,0.3007,0.477,0.4114,CD31
CD31_107,98,480,267,0.3988,0.4128,0.2943,0.3724,0.3133,0.4698,CD31
CD31_108,100,481,273,0.4134,0.4472,0.2386,0.347,0.2921,0.4283,CD31
CD31_109,96,594,89,0.3618,0.5793,0.2786,0.4122,0.3217,0.4592,CD31
CD31_11,69,406,502,0.4693,0.3758,0.3746,0.3589,0.2729,0.5155,CD31
CD31_110,102,648,155,0.3641,0.3506,0.1905,0.1891,0.2918,0.3246,CD31
CD31_111,101,352,761,0.4225,0.4566,0.2585,0.3153,0.4051,0.3925,CD31
CD31_112,96,546,144,0.4828,0.3728,1.0,0.3237,0.4299,0.4727,CD31
CD31_113,99,649,126,0.5109,0.579,0.3563,0.4784,0.2904,0.4482,CD31
CD31_114,97,307,1033,0.4246,0.4697,0.3167,0.3287,0.3161,0.3445,CD31
CD31_115,97,353,841,0.3613,0.4098,0.2734,0.306,0.3035,0.5328,CD31
CD31_116,104,138,1332,0.3202,0.3874,0.1943,0.2489,0.3038,0.477,CD31
CD31_117,102,657,177,0.3303,0.396,0.3257,0.2501,0.3911,0.5224,CD31
CD31_118,102,567,274,0.3724,0.4666,0.3448,0.4791,0.5288,0.402,CD31
CD31_119,107,316,1018,0.3388,0.4332,0.3006,0.2213,0.2704,0.2775,CD31
CD31_12,78,289,1067,0.3214,0.3104,0.1867,0.1875,0.1631,0.2137,CD31
CD31_120,108,610,179,0.2969,0.4389,0.2659,0.3512,0.2933,0.4693,CD31
CD31_121,107,312,655,0.5262,0.4815,0.263,0.2463,0.3525,0.3623,CD31
CD31_122,104,312,1021,0.5061,0.3797,0.3603,0.3498,0.4617,0.3691,CD31
CD31_123,105,128,1333,0.3551,0.5226,0.2847,0.3062,0.3019,0.3079,CD31
CD31_124,110,324,742,0.3346,0.443,0.3238,0.3586,0.2575,0.3445,CD31
CD31_125,107,137,1248,0.4045,0.4821,0.2924,0.3402,0.3817,0.3161,CD31
CD31_126,112,428,426,0.3465,0.477,0.3047,0.2741,0.3433,0.2624,CD31
CD31_127,111,549,342,0.3621,0.4394,0.3082,0.3439,0.3288,0.506,CD31
CD31_128,127,523,359,0.2903,0.3332,0.2384,0.1934,0.2371,0.3971,CD31
CD31_129,114,599,71,0.4265,0.4847,0.35,0.4271,0.2951,0.4616,CD31
CD31_13,79,412,490,0.268,0.2931,0.2362,0.2537,0.2268,0.3908,CD31
CD31_130,116,103,1320,0.3908,0.4268,0.4274,0.3838,0.2804,0.4634,CD31
CD31_131,117,226,1307,0.4294,0.5029,0.4024,0.336,0.3105,0.4041,CD31
CD31_132,117,324,772,0.4492,0.4789,0.2934,0.3569,0.3331,0.2996,CD31
CD31_133,118,294,1063,0.4415,0.5075,0.2744,0.305,0.3275,0.5405,CD31
CD31_134,127,133,1336,0.4223,0.4587,0.3243,0.3212,0.3535,0.3859,CD31
CD31_135,126,294,747,0.3618,0.3735,0.2898,0.3251,0.36,0.4232,CD31
CD31_136,128,277,822,0.3662,0.43,0.3368,0.2856,0.27,0.4542,CD31
CD31_137,134,501,358,0.3321,0.4105,0.2276,0.3458,0.3682,0.3798,CD31
CD31_138,140,527,363,0.3374,0.4268,0.3305,0.3325,0.2839,0.5478,CD31
CD31_139,136,677,415,0.4931,0.4231,0.3997,0.3772,0.4394,0.4042,CD31
CD31_14,77,428,473,0.3014,0.3045,0.2008,0.1871,0.2173,0.2391,CD31
CD31_140,137,461,605,0.4108,0.4786,0.4352,0.3683,0.3038,0.3304,CD31
CD31_141,137,611,157,0.4356,0.4857,0.3067,0.2719,0.4483,0.339,CD31
CD31_142,149,432,425,0.3016,0.4548,0.2831,0.2904,0.3501,0.3579,CD31
CD31_15,77,416,501,0.2987,0.2843,0.2493,0.2227,0.2656,0.377,CD31
CD31_16,67,143,1291,0.3243,0.4063,0.2722,0.293,0.3182,0.4592,CD31
CD31_17,75,309,1026,0.3163,0.3088,0.2517,0.2234,0.2524,0.3018,CD31
CD31_18,65,101,1235,0.4131,0.4299,0.2582,0.3894,0.4179,0.4545,CD31
CD31_19,74,130,1159,0.3458,0.3432,0.2369,0.2916,0.2696,0.3107,CD31
CD31_2,68,163,1307,0.4143,0.3292,0.2479,0.2488,0.2832,0.331,CD31
CD31_20,71,363,879,0.4181,0.3778,0.2307,0.3394,0.2654,0.3516,CD31
CD31_21,69,415,528,0.305,0.4234,0.1956,0.2537,0.3102,0.4287,CD31
CD31_22,76,315,654,0.3427,0.3002,0.2502,0.2483,0.393,0.2907,CD31
CD31_23,69,344,892,0.3949,0.3563,0.2728,0.2569,0.3119,0.3497,CD31
CD31_24,70,368,820,0.2918,0.3645,0.254,0.2549,0.2842,0.4738,CD31
CD31_25,79,396,544,0.3302,0.2839,0.2124,0.1784,0.2402,0.3385,CD31
CD31_26,77,315,998,0.3936,0.628,0.2575,0.194,0.2168,0.5402,CD31
CD31_27,77,356,896,0.2961,0.3504,0.2347,0.2842,0.287,0.2846,CD31
CD31_28,67,264,714,0.4812,0.5475,0.3416,0.3554,0.3871,0.4111,CD31
CD31_29,70,265,1136,0.3918,0.3992,0.3412,0.344,0.3687,0.5827,CD31
CD31_3,65,214,865,0.3582,0.319,0.2051,0.2223,0.2932,0.3837,CD31
CD31_30,70,294,1053,0.4415,0.4554,0.3828,0.263,0.3163,0.4445,CD31
CD31_31,71,161,1220,0.4223,0.5747,0.4492,0.3826,0.4565,0.5057,CD31
CD31_32,67,168,1224,0.4107,0.3799,0.2747,0.3921,0.3489,0.4778,CD31
CD31_33,72,96,1225,0.4165,0.3566,0.2455,0.2676,0.2764,0.4561,CD31
CD31_34,73,419,528,0.3629,0.4059,0.2442,0.327,0.3388,0.5005,CD31
CD31_35,69,306,1055,0.4033,0.4021,1.0,0.3175,0.5525,0.3082,CD31
CD31_36,75,103,1209,0.3706,0.4471,0.2013,0.2982,0.3232,0.3839,CD31
CD31_37,82,138,1242,0.3703,0.4148,0.2909,0.2448,0.2275,0.2676,CD31
CD31_38,75,263,700,0.3023,0.3411,0.2649,0.2274,0.3301,0.2736,CD31
CD31_39,73,300,1063,0.5124,0.4228,0.3621,0.397,0.3132,0.643,CD31
CD31_4,75,304,1042,0.31,0.2485,0.2029,0.1565,0.2086,0.2807,CD31
CD31_40,72,123,1159,0.412,0.4663,0.386,0.3362,0.3152,0.6463,CD31
CD31_41,72,148,1039,0.5138,0.5969,0.2461,0.3069,0.3699,0.4276,CD31
CD31_42,71,267,708,0.3913,0.6266,0.3634,0.3078,0.3343,0.3745,CD31
CD31_43,80,313,1031,0.3626,0.3427,0.2842,0.2678,0.3369,0.2923,CD31
CD31_44,78,322,648,0.3558,0.4003,0.2621,0.2179,0.3826,0.306,CD31
CD31_45,73,347,836,0.4321,0.4809,0.3291,0.3506,0.5035,0.4198,CD31
CD31_46,84,348,850,0.3107,0.421,0.2283,0.1899,0.2511,0.2798,CD31
CD31_47,71,363,892,0.4577,0.4777,0.299,0.3431,0.4787,0.391,CD31
CD31_48,73,418,516,0.414,0.5146,0.3454,0.3635,0.408,0.5487,CD31
CD31_49,73,139,1132,0.5266,0.4279,0.2959,0.3257,0.3792,0.328,CD31
CD31_5,73,354,865,0.2737,0.3153,0.1418,0.1998,0.2645,0.2778,CD31
CD31_50,81,250,854,0.2758,0.3018,0.1882,0.2059,0.2776,0.4122,CD31
CD31_51,79,459,600,0.4117,0.4536,0.6282,0.3157,0.3515,0.4295,CD31
CD31_52,87,228,941,0.2801,0.3603,0.224,0.2269,0.2589,0.3365,CD31
CD31_53,75,235,938,0.3631,0.5698,0.3247,0.4425,0.3535,0.4449,CD31
CD31_54,74,237,1230,0.4231,0.4155,0.402,0.3957,0.5281,0.4348,CD31
CD31_55,81,246,835,0.2818,0.2703,0.2582,0.2446,0.2844,0.3467,CD31
CD31_56,76,266,1132,0.381,0.2878,0.3243,0.2576,0.3771,0.4978,CD31
CD31_57,88,286,820,0.3794,0.2836,0.3226,0.2642,0.2383,0.3066,CD31
CD31_58,73,418,521,0.3414,0.3785,0.239,0.389,0.3715,0.2937,CD31
CD31_59,73,148,1242,0.4215,0.5978,0.244,0.337,0.3625,0.6257,CD31
CD31_6,69,138,1300,0.2909,0.2579,0.235,0.1921,0.2093,0.2954,CD31
CD31_60,76,149,1234,0.3505,0.4167,0.3271,0.2971,0.298,0.4388,CD31
CD31_61,75,319,742,0.5408,0.379,0.3799,0.3261,0.4633,0.5143,CD31
CD31_62,75,355,801,0.4139,0.4972,0.2842,0.2528,0.4776,0.3959,CD31
CD31_63,79,409,507,0.3029,0.3874,0.2941,0.3288,0.2524,0.6176,CD31
CD31_64,80,159,985,0.467,0.3595,0.2758,0.3262,0.338,0.3344,CD31
CD31_65,77,207,1173,0.4108,0.5196,0.336,0.3396,0.429,0.3602,CD31
CD31_66,76,283,698,0.4305,0.5712,0.3471,0.2915,0.4605,0.324,CD31
CD31_67,89,361,785,0.326,0.3367,0.201,0.2007,0.2743,0.383,CD31
CD31_68,76,209,1178,0.3767,0.4261,0.3747,0.3585,0.3008,0.4998,CD31
CD31_69,78,269,692,0.3799,0.441,0.3091,0.3678,0.4754,0.379,CD31
CD31_7,65,156,1294,0.3688,0.3559,0.2115,0.2715,0.2843,0.3261,CD31
CD31_70,81,278,701,0.4198,0.4234,0.251,0.23,0.3144,0.2798,CD31
CD31_71,97,456,604,0.3415,0.3695,0.382,0.227,0.2432,0.32,CD31
CD31_72,95,543,345,0.2925,0.2644,0.1969,0.2044,0.2592,0.6066,CD31
CD31_73,78,142,1128,0.3845,0.4998,0.2309,0.2926,0.3106,0.3209,CD31
CD31_74,83,284,702,0.4575,0.5247,0.2974,0.3207,0.3568,0.3876,CD31
CD31_75,80,293,1056,0.3469,0.4894,0.3908,0.2278,0.3994,0.3412,CD31
CD31_76,83,346,885,0.3364,0.3686,0.2768,0.2591,0.3151,0.3102,CD31
CD31_77,91,603,164,0.3151,0.3378,0.1694,0.2256,0.2425,0.5161,CD31
CD31_78,83,230,1029,0.3806,0.5428,0.253,0.3066,0.3332,0.3012,CD31
CD31_79,83,291,906,0.4142,0.6631,0.2963,0.4017,0.3563,0.3974,CD31
CD31_8,69,357,814,0.3716,0.2774,0.2691,0.238,0.3067,0.343,CD31
CD31_80,89,327,768,0.4101,0.3391,0.2231,0.2238,0.2692,0.3451,CD31
CD31_81,82,326,642,0.4605,0.6034,0.3249,0.322,0.2879,0.4057,CD31
CD31_82,83,352,717,0.4905,0.4205,0.308,0.3378,0.4252,0.7089,CD31
CD31_83,81,369,811,0.5342,0.4142,0.3323,0.2951,0.4081,0.6594,CD31
CD31_84,104,579,294,0.3224,0.3957,0.1716,0.1731,0.3045,0.3431,CD31
CD31_85,86,209,900,0.4729,0.3844,0.3187,0.3025,0.381,0.3011,CD31
CD31_86,89,321,742,0.3615,0.4045,0.2288,0.3842,0.3481,0.2665,CD31
CD31_87,90,534,163,0.3361,0.4278,0.484,0.3567,0.3143,0.6035,CD31
CD31_88,96,428,432,0.2996,0.2887,0.2256,0.2682,0.2629,0.2656,CD31
CD31_89,100,641,132,0.2817,0.3258,0.1929,0.2774,0.2275,0.5592,CD31
CD31_9,82,373,793,0.3224,0.6853,0.212,0.2414,0.248,0.2616,CD31
CD31_90,89,351,830,0.4947,0.3944,0.3134,0.3708,0.41,0.3818,CD31
CD31_91,96,555,336,0.3404,0.2434,0.2148,0.3018,0.2724,0.4119,CD31
CD31_92,94,366,824,0.3394,0.4047,0.2474,0.2236,0.2958,0.3705,CD31
CD31_93,92,596,72,0.4195,0.3823,0.231,0.3274,0.2975,0.4473,CD31
CD31_94,94,516,369,0.3812,0.3082,0.2243,0.2099,0.2801,0.2608,CD31
CD31_95,99,673,121,0.4324,0.3569,0.2782,0.1539,0.2933,0.2638,CD31
CD31_96,94,330,779,0.3773,0.4906,0.2767,0.3062,0.2669,0.372,CD31
CD31_97,91,370,807,0.4848,0.5266,0.2816,0.3163,0.5312,0.4267,CD31
CD31_98,98,613,167,0.3562,0.4531,0.2865,0.406,0.268,0.5952,CD31
CD31_99,94,132,1159,0.4415,0.5895,0.2932,0.308,0.273,0.4598,CD31
CD4_1,25,260,1060,0.0,0.432,0.3268,0.2491,0.0,0.0,CD4
CD4_10,87,111,1220,0.3297,0.3663,0.2203,0.2336,0.2652,0.3883,CD4
CD4_11,89,258,1132,0.3485,0.5864,0.6359,0.3149,0.5801,0.8851,CD4
CD4_12,101,203,1250,0.282,0.531,0.2303,0.2794,0.2674,0.2981,CD4
CD4_13,103,257,1130,0.2773,0.525,0.2482,0.314,0.2426,0.2978,CD4
CD4_14,103,464,362,0.3882,0.8849,0.2939,0.5628,0.3311,0.3957,CD4
CD4_15,95,164,1130,0.3773,0.551,0.2936,0.3062,0.2707,0.4408,CD4
CD4_16,111,123,592,0.4637,0.7968,0.3454,0.5095,0.4873,0.528,CD4
CD4_17,119,246,1122,0.3508,0.5099,0.2947,0.3053,0.4729,0.3767,CD4
CD4_18,129,250,1129,0.2905,0.382,0.2475,0.2887,0.3021,0.4054,CD4
CD4_19,126,236,1137,0.3715,0.518,0.3204,0.3936,0.312,0.427,CD4
CD4_2,68,322,990,0.3807,0.9144,0.1722,0.1673,0.2251,0.3776,CD4
CD4_20,127,243,1131,0.4463,0.543,0.2932,0.4005,0.4479,0.3574,CD4
CD4_21,146,494,7,0.34,0.9286,0.3024,0.4722,0.3264,0.0,CD4
CD4_22,153,82,616,0.4277,0.9444,0.2799,0.516,0.3511,0.6794,CD4
CD4_3,30,554,324,0.0,0.4854,0.462,0.2384,0.0,0.0,CD4
CD4_4,51,102,1315,0.3942,0.8837,0.3094,0.2093,0.3029,0.3791,CD4
CD4_5,72,360,782,0.3224,0.8833,0.1974,0.2404,0.2708,0.3198,CD4
CD4_6,64,403,159,0.3346,0.7183,0.292,0.3383,0.2965,0.4005,CD4
CD4_7,103,520,513,0.2436,0.862,0.1836,0.2449,0.1819,0.3214,CD4
CD4_8,75,98,1306,0.3013,0.3995,0.3324,0.2678,0.3739,0.3084,CD4
CD4_9,83,400,580,0.3122,0.5023,0.2695,0.2326,0.3449,0.3005,CD4
Catalase_1,45,365,356,0.3302,0.35,0.2556,0.2752,0.2663,0.5412,Catalase
Catalase_10,85,271,1074,0.2683,0.2926,0.4571,0.2198,0.327,0.4996,Catalase
Catalase_100,136,390,858,0.2935,0.634,0.2498,0.351,0.3587,0.5335,Catalase
Catalase_101,141,415,651,0.3083,0.4463,0.225,0.324,0.3051,0.6621,Catalase
Catalase_102,141,583,316,0.3503,0.5019,0.2892,0.2274,0.3615,0.5304,Catalase
Catalase_103,143,333,779,0.2998,0.4844,0.2188,0.4308,0.2699,0.6808,Catalase
Catalase_104,147,224,1201,0.34,0.4445,0.3651,0.3023,0.3733,0.8877,Catalase
Catalase_105,147,386,815,0.3956,0.474,0.2486,0.3367,0.3826,0.5613,Catalase
Catalase_106,149,321,824,0.3756,0.4483,0.1921,0.4168,0.4571,0.5617,Catalase
Catalase_107,156,445,60,0.4396,0.4202,0.6444,0.5248,0.4669,0.6686,Catalase
Catalase_11,72,279,1144,0.2889,0.282,0.2436,0.2792,0.3096,0.5243,Catalase
Catalase_12,79,346,929,0.2561,0.3212,0.2115,0.1911,0.2332,0.5946,Catalase
Catalase_13,83,365,942,0.2075,0.3091,0.1755,0.3206,0.2296,0.4657,Catalase
Catalase_14,71,122,851,0.3039,0.3963,0.364,0.2659,0.2969,0.679,Catalase
Catalase_15,78,305,996,0.275,0.3295,0.226,0.2214,0.2858,0.857,Catalase
Catalase_16,73,221,1002,0.372,0.4714,0.2947,0.2713,0.3611,0.63,Catalase
Catalase_17,80,388,726,0.2996,0.3367,0.1628,0.2963,0.3173,0.5585,Catalase
Catalase_18,72,151,818,0.3881,0.4724,0.3212,0.347,0.3782,0.2567,Catalase
Catalase_19,87,348,913,0.2581,0.38,0.1798,0.2561,0.2246,0.3295,Catalase
Catalase_2,55,407,496,0.2644,0.4762,0.3148,0.3023,0.3701,0.8108,Catalase
Catalase_20,88,258,1112,0.3379,0.3488,0.1668,0.2398,0.2675,0.527,Catalase
Catalase_21,80,271,712,0.2831,0.3115,0.2298,0.1862,0.3056,0.5774,Catalase
Catalase_22,89,277,1097,0.248,0.3651,0.2262,0.187,0.2771,0.4063,Catalase
Catalase_23,83,415,689,0.2866,0.3402,0.2067,0.3276,0.3085,0.7493,Catalase
Catalase_24,79,277,1056,0.3971,0.3886,0.2999,0.3921,0.4692,0.665,Catalase
Catalase_25,87,294,1023,0.3409,0.2987,0.235,0.2734,0.336,0.5574,Catalase
Catalase_26,87,368,759,0.2322,0.3503,0.1978,0.2007,0.2977,0.4684,Catalase
Catalase_27,85,601,163,0.374,0.3598,0.2248,0.1653,0.2793,0.6524,Catalase
Catalase_28,93,681,390,0.2686,0.3209,0.2265,0.1746,0.2968,0.562,Catalase
Catalase_29,90,374,837,0.2664,0.3325,0.2129,0.2948,0.2656,0.5184,Catalase
Catalase_3,57,99,927,0.4016,0.5413,0.343,0.4632,0.3811,0.8838,Catalase
Catalase_30,89,179,1099,0.3506,0.3681,0.2623,0.2644,0.374,0.5669,Catalase
Catalase_31,82,243,1145,0.3233,0.3793,0.2515,0.3145,0.4102,0.668,Catalase
Catalase_32,85,354,720,0.351,0.4154,0.2531,0.2916,0.3173,0.7662,Catalase
Catalase_33,116,410,79,0.2782,0.2775,0.181,0.2714,0.2163,0.5279,Catalase
Catalase_34,86,412,797,0.2783,0.4821,0.2597,0.313,0.3383,0.3351,Catalase
Catalase_35,92,357,749,0.2815,0.449,0.2659,0.2088,0.246,0.5943,Catalase
Catalase_36,90,377,757,0.2846,0.36,0.1989,0.1748,0.2801,0.417,Catalase
Catalase_37,93,437,109,0.416,0.3562,0.3309,0.308,0.3761,0.9722,Catalase
Catalase_38,90,486,416,0.3324,0.3757,0.2388,0.2544,0.3179,0.5988,Catalase
Catalase_39,87,186,1274,0.378,0.5504,0.3101,0.2656,0.5227,0.8887,Catalase
Catalase_4,65,350,1286,0.2746,0.3914,0.3297,0.2539,0.3514,1.0,Catalase
Catalase_40,91,442,647,0.3373,0.4264,0.2737,0.3731,0.2526,0.4925,Catalase
Catalase_41,93,547,345,0.433,0.3304,0.2613,0.3176,0.2699,0.7454,Catalase
Catalase_42,87,597,67,0.3362,0.3911,0.332,0.3804,0.3308,0.823,Catalase
Catalase_43,93,227,1232,0.2815,0.2799,0.1968,0.243,0.2868,0.5953,Catalase
Catalase_44,88,610,169,0.3564,0.4806,0.239,0.4795,0.3798,0.763,Catalase
Catalase_45,96,274,807,0.2668,0.3686,0.2247,0.2077,0.3008,0.5127,Catalase
Catalase_46,97,286,770,0.3013,0.3504,0.2435,0.2217,0.253,0.5256,Catalase
Catalase_47,102,494,974,0.2836,0.3822,0.2004,0.3031,0.2548,0.4228,Catalase
Catalase_48,93,538,163,0.3042,0.3651,0.3305,0.3201,0.2715,0.615,Catalase
Catalase_49,96,383,878,0.3524,0.3782,0.2263,0.2939,0.3223,0.5585,Catalase
Catalase_5,71,411,505,0.349,0.34,0.2801,0.2412,0.264,0.3745,Catalase
Catalase_50,90,307,761,0.3848,0.4264,0.3149,0.2431,0.4801,0.4048,Catalase
Catalase_51,90,400,726,0.3594,0.3663,0.2562,0.4049,0.3518,0.615,Catalase
Catalase_52,99,601,350,0.3053,0.3939,0.2018,0.2333,0.3071,0.4836,Catalase
Catalase_53,95,355,770,0.4559,0.3597,0.2955,0.3035,0.306,0.645,Catalase
Catalase_54,93,515,213,0.3665,0.4875,0.2991,0.349,0.2969,0.7111,Catalase
Catalase_55,97,319,725,0.3586,0.4258,0.2703,0.3218,0.3764,0.3576,Catalase
Catalase_56,98,611,176,0.3003,0.4288,0.2908,0.3051,0.2908,0.6701,Catalase
Catalase_57,100,641,132,0.3676,0.397,0.2247,0.328,0.2526,0.6879,Catalase
Catalase_58,100,650,130,0.3396,0.4116,0.291,0.4046,0.2706,0.7453,Catalase
Catalase_59,109,488,604,0.2807,0.2864,0.2303,0.3167,0.2907,0.5671,Catalase
Catalase_6,58,102,879,0.3271,0.4756,0.2185,0.2917,0.4123,0.7616,Catalase
Catalase_60,103,535,400,0.2874,0.3689,0.2319,0.2895,0.2965,0.4119,Catalase
Catalase_61,101,315,850,0.3485,0.3151,0.217,0.3152,0.3033,0.5561,Catalase
Catalase_62,98,607,162,0.4233,0.5493,0.3193,0.3441,0.3319,0.8062,Catalase
Catalase_63,111,170,1101,0.303,0.3628,0.2471,0.2288,0.2543,0.4472,Catalase
Catalase_64,103,573,108,0.3273,0.3432,0.2843,0.3875,0.3515,0.6682,Catalase
Catalase_65,109,314,864,0.2798,0.3421,0.2154,0.3209,0.2886,0.4909,Catalase
Catalase_66,109,575,273,0.4122,0.3373,0.1932,0.2138,0.2638,0.5053,Catalase
Catalase_67,101,187,1007,0.3849,0.3745,0.3257,0.3269,0.305,0.7916,Catalase
Catalase_68,108,543,380,0.3189,0.371,0.2279,0.347,0.3052,0.4822,Catalase
Catalase_69,109,682,115,0.3123,0.4522,0.395,0.3513,0.0,0.418,Catalase
Catalase_7,59,233,715,0.2839,0.438,0.2831,0.3295,0.3351,0.606,Catalase
Catalase_70,109,166,1108,0.2704,0.5076,0.2238,0.2308,0.2631,0.5152,Catalase
Catalase_71,104,293,785,0.3296,0.5781,0.2782,0.3899,0.362,0.6411,Catalase
Catalase_72,114,328,880,0.2729,0.311,0.17,0.2001,0.2361,0.4186,Catalase
Catalase_73,109,349,969,0.2933,0.4294,0.2716,0.3097,0.3025,0.5549,Catalase
Catalase_74,106,661,176,0.4104,0.4427,0.2755,0.3416,0.3783,0.756,Catalase
Catalase_75,114,663,127,0.2846,0.3571,0.2369,0.208,0.2871,0.4935,Catalase
Catalase_76,105,219,1049,0.3417,0.5485,0.2899,0.3479,0.2883,0.6951,Catalase
Catalase_77,106,358,747,0.4238,0.5399,0.2652,0.2501,0.423,0.6802,Catalase
Catalase_78,114,637,198,0.3066,0.3245,0.2179,0.2843,0.2998,0.667,Catalase
Catalase_79,117,267,1063,0.2946,0.3243,0.2462,0.2867,0.2473,0.5683,Catalase
Catalase_8,70,413,496,0.3085,0.3234,0.256,0.3086,0.3064,0.5114,Catalase
Catalase_80,118,320,861,0.2737,0.3346,0.2012,0.2629,0.291,0.4805,Catalase
Catalase_81,114,299,1021,0.3519,0.3738,0.2752,0.2844,0.2754,0.6072,Catalase
Catalase_82,116,343,719,0.2975,0.3781,0.1916,0.3212,0.3051,0.4839,Catalase
Catalase_83,118,629,689,0.3329,0.0,0.1867,0.0,0.3462,0.5438,Catalase
Catalase_84,115,309,1074,0.3371,0.4223,0.6781,0.2932,0.2552,0.5771,Catalase
Catalase_85,126,316,829,0.3486,0.2934,0.191,0.3091,0.2405,0.5702,Catalase
Catalase_86,128,349,971,0.3334,0.3352,0.2636,0.2467,0.2921,0.7365,Catalase
Catalase_87,124,230,1087,0.3262,0.5599,0.369,0.2994,0.3715,0.6331,Catalase
Catalase_88,125,299,1016,0.3699,0.4419,0.3226,0.2566,0.3501,0.658,Catalase
Catalase_89,137,318,843,0.305,0.3073,0.1955,0.1965,0.2332,0.5417,Catalase
Catalase_9,73,313,980,0.309,0.278,0.2098,0.1869,0.2371,0.4417,Catalase
Catalase_90,129,335,775,0.306,0.4057,0.2448,0.2399,0.2939,0.5386,Catalase
Catalase_91,127,342,736,0.3565,0.4188,0.2347,0.2205,0.2812,0.586,Catalase
Catalase_92,132,384,860,0.2832,0.2659,0.2095,0.3398,0.242,0.4659,Catalase
Catalase_93,128,227,1044,0.3222,0.4231,0.2285,0.3749,0.2729,0.665,Catalase
Catalase_94,132,208,1008,0.2167,0.3116,0.2111,0.225,0.2782,0.4545,Catalase
Catalase_95,129,342,713,0.3843,0.4848,0.3335,0.3489,0.3551,0.5988,Catalase
Catalase_96,134,222,1008,0.2447,0.3652,0.2384,0.1898,0.2529,0.4913,Catalase
Catalase_97,129,471,496,0.4027,0.512,0.234,0.4023,0.3318,0.5256,Catalase
Catalase_98,132,389,850,0.456,0.4954,0.3203,0.3086,0.369,0.6673,Catalase
Catalase_99,134,595,383,0.3556,0.441,0.3222,0.4352,0.3438,0.5612,Catalase
